-- phpMyAdmin SQL Dump
-- version 5.2.0
-- https://www.phpmyadmin.net/
--
-- Host: 127.0.0.1
-- Generation Time: Mar 12, 2023 at 08:27 PM
-- Server version: 10.4.27-MariaDB
-- PHP Version: 7.4.33

SET SQL_MODE = "NO_AUTO_VALUE_ON_ZERO";
START TRANSACTION;
SET time_zone = "+00:00";


/*!40101 SET @OLD_CHARACTER_SET_CLIENT=@@CHARACTER_SET_CLIENT */;
/*!40101 SET @OLD_CHARACTER_SET_RESULTS=@@CHARACTER_SET_RESULTS */;
/*!40101 SET @OLD_COLLATION_CONNECTION=@@COLLATION_CONNECTION */;
/*!40101 SET NAMES utf8mb4 */;

--
-- Database: `pos_new_version`
--

-- --------------------------------------------------------

--
-- Table structure for table `ci_sessions`
--

CREATE TABLE `ci_sessions` (
  `id` varchar(128) NOT NULL,
  `ip_address` varchar(45) NOT NULL,
  `timestamp` int(10) UNSIGNED NOT NULL DEFAULT 0,
  `data` blob NOT NULL
) ENGINE=InnoDB DEFAULT CHARSET=utf8mb4 COLLATE=utf8mb4_general_ci;

--
-- Dumping data for table `ci_sessions`
--

INSERT INTO `ci_sessions` (`id`, `ip_address`, `timestamp`, `data`) VALUES
('0cddsfpu7leqbnfnv92o63juhihvkvkc', '::1', 1677415954, 0x5f5f63695f6c6173745f726567656e65726174657c693a313637373431353935343b69647c733a323a223135223b757365726e616d657c733a353a2261646d696e223b656d61696c7c733a31353a2261646d696e4061646d696e2e636f6d223b735f726f6c657c733a333a22725f35223b6c6f67676564696e7c623a313b),
('0dqi86ajea4iajrr6g63n06nq7crku7r', '::1', 1677420828, 0x5f5f63695f6c6173745f726567656e65726174657c693a313637373432303832383b69647c733a323a223135223b757365726e616d657c733a353a2261646d696e223b656d61696c7c733a31353a2261646d696e4061646d696e2e636f6d223b735f726f6c657c733a333a22725f35223b6c6f67676564696e7c623a313b),
('14blp3dvltpmn6lnje2n8jf1qi873a1a', '::1', 1678647452, 0x5f5f63695f6c6173745f726567656e65726174657c693a313637383634373435323b69647c733a323a223135223b757365726e616d657c733a353a2261646d696e223b656d61696c7c733a31353a2261646d696e4061646d696e2e636f6d223b735f726f6c657c733a333a22725f35223b6c6f67676564696e7c623a313b),
('1cft79r6dtereqhjck06thaf8vnt5rmt', '::1', 1677417115, 0x5f5f63695f6c6173745f726567656e65726174657c693a313637373431373131353b69647c733a323a223135223b757365726e616d657c733a353a2261646d696e223b656d61696c7c733a31353a2261646d696e4061646d696e2e636f6d223b735f726f6c657c733a333a22725f35223b6c6f67676564696e7c623a313b),
('2bakdmgfkv8vq32orbmc4l8b1mdub561', '::1', 1677448461, 0x5f5f63695f6c6173745f726567656e65726174657c693a313637373434383436313b69647c733a323a223135223b757365726e616d657c733a353a2261646d696e223b656d61696c7c733a31353a2261646d696e4061646d696e2e636f6d223b735f726f6c657c733a333a22725f35223b6c6f67676564696e7c623a313b),
('3g1l1acoc3r2nee5foemt2i4gkman41o', '::1', 1677414673, 0x5f5f63695f6c6173745f726567656e65726174657c693a313637373431343637333b69647c733a323a223135223b757365726e616d657c733a353a2261646d696e223b656d61696c7c733a31353a2261646d696e4061646d696e2e636f6d223b735f726f6c657c733a333a22725f35223b6c6f67676564696e7c623a313b),
('3mbcq8qjedes0ert1dgfkbdf368cj6jg', '::1', 1677419260, 0x5f5f63695f6c6173745f726567656e65726174657c693a313637373431393236303b69647c733a323a223135223b757365726e616d657c733a353a2261646d696e223b656d61696c7c733a31353a2261646d696e4061646d696e2e636f6d223b735f726f6c657c733a333a22725f35223b6c6f67676564696e7c623a313b),
('3qhb2hgrbbh0p0cifltu3nsv5ltsbt8v', '::1', 1678648641, 0x5f5f63695f6c6173745f726567656e65726174657c693a313637383634383634313b69647c733a323a223135223b757365726e616d657c733a353a2261646d696e223b656d61696c7c733a31353a2261646d696e4061646d696e2e636f6d223b735f726f6c657c733a333a22725f35223b6c6f67676564696e7c623a313b),
('470bl9ncaocrvp8u38qibqtkuu2ltf40', '::1', 1677410551, 0x5f5f63695f6c6173745f726567656e65726174657c693a313637373431303535313b69647c733a323a223135223b757365726e616d657c733a353a2261646d696e223b656d61696c7c733a31353a2261646d696e4061646d696e2e636f6d223b735f726f6c657c733a333a22725f35223b6c6f67676564696e7c623a313b),
('490fdfo7r35bigdvji6e9j7o72tge0g7', '::1', 1677409500, 0x5f5f63695f6c6173745f726567656e65726174657c693a313637373430393530303b69647c733a323a223135223b757365726e616d657c733a353a2261646d696e223b656d61696c7c733a31353a2261646d696e4061646d696e2e636f6d223b735f726f6c657c733a333a22725f35223b6c6f67676564696e7c623a313b),
('5ohvo6lh0m1dr4k45tfvr5or11jfhm2n', '::1', 1676901215, 0x5f5f63695f6c6173745f726567656e65726174657c693a313637363930313231353b69647c733a323a223135223b757365726e616d657c733a353a2261646d696e223b656d61696c7c733a31353a2261646d696e4061646d696e2e636f6d223b735f726f6c657c733a333a22725f35223b6c6f67676564696e7c623a313b),
('5plk93munfufk9kumiepu1qdoptsrm6m', '::1', 1676895672, 0x5f5f63695f6c6173745f726567656e65726174657c693a313637363839353637323b69647c733a323a223135223b757365726e616d657c733a353a2261646d696e223b656d61696c7c733a31353a2261646d696e4061646d696e2e636f6d223b735f726f6c657c733a333a22725f35223b6c6f67676564696e7c623a313b),
('64bo2e5s1pcji51vf3d4hum7al5a05gi', '::1', 1677444969, 0x5f5f63695f6c6173745f726567656e65726174657c693a313637373434343936393b),
('76htnain03ca76ti6n87ko465437qs2u', '::1', 1677445349, 0x5f5f63695f6c6173745f726567656e65726174657c693a313637373434353334393b69647c733a323a223135223b757365726e616d657c733a353a2261646d696e223b656d61696c7c733a31353a2261646d696e4061646d696e2e636f6d223b735f726f6c657c733a333a22725f35223b6c6f67676564696e7c623a313b),
('7963hnheo44h0ldfsob9b4eajm1obcel', '::1', 1677412709, 0x5f5f63695f6c6173745f726567656e65726174657c693a313637373431323730393b69647c733a323a223135223b757365726e616d657c733a353a2261646d696e223b656d61696c7c733a31353a2261646d696e4061646d696e2e636f6d223b735f726f6c657c733a333a22725f35223b6c6f67676564696e7c623a313b),
('7q8l6k3fl23u2v0rh53m16rl5juiucuv', '::1', 1676926254, 0x5f5f63695f6c6173745f726567656e65726174657c693a313637363932363235343b69647c733a323a223135223b757365726e616d657c733a353a2261646d696e223b656d61696c7c733a31353a2261646d696e4061646d696e2e636f6d223b735f726f6c657c733a333a22725f35223b6c6f67676564696e7c623a313b),
('7qa625mq2663eqm52tk5o7ekl4glfeq9', '::1', 1676900266, 0x5f5f63695f6c6173745f726567656e65726174657c693a313637363930303236363b69647c733a323a223135223b757365726e616d657c733a353a2261646d696e223b656d61696c7c733a31353a2261646d696e4061646d696e2e636f6d223b735f726f6c657c733a333a22725f35223b6c6f67676564696e7c623a313b),
('7s3sl04ep9okgkbn9h3mpekskl50c11o', '::1', 1676894347, 0x5f5f63695f6c6173745f726567656e65726174657c693a313637363839343334373b69647c733a323a223135223b757365726e616d657c733a353a2261646d696e223b656d61696c7c733a31353a2261646d696e4061646d696e2e636f6d223b735f726f6c657c733a333a22725f35223b6c6f67676564696e7c623a313b),
('7tcrjge33phg2kdhl17dt0gi1ve6ri4t', '::1', 1677413079, 0x5f5f63695f6c6173745f726567656e65726174657c693a313637373431333037393b69647c733a323a223135223b757365726e616d657c733a353a2261646d696e223b656d61696c7c733a31353a2261646d696e4061646d696e2e636f6d223b735f726f6c657c733a333a22725f35223b6c6f67676564696e7c623a313b),
('85p5gt40snkhm2mmnpd4qesm27fc7u2n', '::1', 1677417682, 0x5f5f63695f6c6173745f726567656e65726174657c693a313637373431373638323b69647c733a323a223135223b757365726e616d657c733a353a2261646d696e223b656d61696c7c733a31353a2261646d696e4061646d696e2e636f6d223b735f726f6c657c733a333a22725f35223b6c6f67676564696e7c623a313b),
('8g5v6udri7ghnlkm9cggqt2ossojo4ta', '::1', 1677422102, 0x5f5f63695f6c6173745f726567656e65726174657c693a313637373432323130323b69647c733a323a223135223b757365726e616d657c733a353a2261646d696e223b656d61696c7c733a31353a2261646d696e4061646d696e2e636f6d223b735f726f6c657c733a333a22725f35223b6c6f67676564696e7c623a313b),
('8kuj0rsmok3q6qu1kdaqma9sehtcip0d', '::1', 1677411789, 0x5f5f63695f6c6173745f726567656e65726174657c693a313637373431313738393b69647c733a323a223135223b757365726e616d657c733a353a2261646d696e223b656d61696c7c733a31353a2261646d696e4061646d696e2e636f6d223b735f726f6c657c733a333a22725f35223b6c6f67676564696e7c623a313b),
('952s39e41l1073emhcupv5iahmc6apgm', '::1', 1677447745, 0x5f5f63695f6c6173745f726567656e65726174657c693a313637373434373734353b69647c733a323a223135223b757365726e616d657c733a353a2261646d696e223b656d61696c7c733a31353a2261646d696e4061646d696e2e636f6d223b735f726f6c657c733a333a22725f35223b6c6f67676564696e7c623a313b),
('a02pqebfsqfvbg90jhaftjumjirq508q', '::1', 1677446739, 0x5f5f63695f6c6173745f726567656e65726174657c693a313637373434363733393b69647c733a323a223135223b757365726e616d657c733a353a2261646d696e223b656d61696c7c733a31353a2261646d696e4061646d696e2e636f6d223b735f726f6c657c733a333a22725f35223b6c6f67676564696e7c623a313b),
('a4dhdsr0gcgm2kftracgha0d7ep2l4sa', '::1', 1678648986, 0x5f5f63695f6c6173745f726567656e65726174657c693a313637383634383938363b69647c733a323a223135223b757365726e616d657c733a353a2261646d696e223b656d61696c7c733a31353a2261646d696e4061646d696e2e636f6d223b735f726f6c657c733a333a22725f35223b6c6f67676564696e7c623a313b),
('a8k3utaub8ljb99scnmnlfh8mfj67kjf', '::1', 1676903108, 0x5f5f63695f6c6173745f726567656e65726174657c693a313637363930333130383b69647c733a323a223135223b757365726e616d657c733a353a2261646d696e223b656d61696c7c733a31353a2261646d696e4061646d696e2e636f6d223b735f726f6c657c733a333a22725f35223b6c6f67676564696e7c623a313b),
('ap0ltgqi5cis3ugrftu1pp7b5sg67r8k', '::1', 1677416280, 0x5f5f63695f6c6173745f726567656e65726174657c693a313637373431363238303b69647c733a323a223135223b757365726e616d657c733a353a2261646d696e223b656d61696c7c733a31353a2261646d696e4061646d696e2e636f6d223b735f726f6c657c733a333a22725f35223b6c6f67676564696e7c623a313b),
('aprs23nl5kqkr12sdet17cpsf8okj4tm', '::1', 1677753682, 0x5f5f63695f6c6173745f726567656e65726174657c693a313637373735333631353b69647c733a323a223135223b757365726e616d657c733a353a2261646d696e223b656d61696c7c733a31353a2261646d696e4061646d696e2e636f6d223b735f726f6c657c733a333a22725f35223b6c6f67676564696e7c623a313b),
('b8fc9s05745b6ibd3finbim05tkaqkmj', '::1', 1677409846, 0x5f5f63695f6c6173745f726567656e65726174657c693a313637373430393834363b69647c733a323a223135223b757365726e616d657c733a353a2261646d696e223b656d61696c7c733a31353a2261646d696e4061646d696e2e636f6d223b735f726f6c657c733a333a22725f35223b6c6f67676564696e7c623a313b),
('bl3ucpvirc03mis2a754qb09m02l5dc4', '::1', 1677419933, 0x5f5f63695f6c6173745f726567656e65726174657c693a313637373431393933333b69647c733a323a223135223b757365726e616d657c733a353a2261646d696e223b656d61696c7c733a31353a2261646d696e4061646d696e2e636f6d223b735f726f6c657c733a333a22725f35223b6c6f67676564696e7c623a313b),
('brqrdv6bjheu8o7mc0sr8g0nudkljlj1', '::1', 1677418004, 0x5f5f63695f6c6173745f726567656e65726174657c693a313637373431383030343b69647c733a323a223135223b757365726e616d657c733a353a2261646d696e223b656d61696c7c733a31353a2261646d696e4061646d696e2e636f6d223b735f726f6c657c733a333a22725f35223b6c6f67676564696e7c623a313b),
('c14nl4dvne168i2kldglol9rmbu9vpl4', '::1', 1678648292, 0x5f5f63695f6c6173745f726567656e65726174657c693a313637383634383239323b69647c733a323a223135223b757365726e616d657c733a353a2261646d696e223b656d61696c7c733a31353a2261646d696e4061646d696e2e636f6d223b735f726f6c657c733a333a22725f35223b6c6f67676564696e7c623a313b),
('c2esqvbanlqsivnb5jg2kik54koks2uk', '::1', 1676925120, 0x5f5f63695f6c6173745f726567656e65726174657c693a313637363932353132303b69647c733a323a223135223b757365726e616d657c733a353a2261646d696e223b656d61696c7c733a31353a2261646d696e4061646d696e2e636f6d223b735f726f6c657c733a333a22725f35223b6c6f67676564696e7c623a313b),
('c3l3kde357tfp1bkkpkkde6c1hcq3mcs', '::1', 1677449215, 0x5f5f63695f6c6173745f726567656e65726174657c693a313637373434383939393b69647c733a323a223135223b757365726e616d657c733a353a2261646d696e223b656d61696c7c733a31353a2261646d696e4061646d696e2e636f6d223b735f726f6c657c733a333a22725f35223b6c6f67676564696e7c623a313b),
('celncss0a8qa3qsl4i8skvi58o3hv7rm', '::1', 1676900580, 0x5f5f63695f6c6173745f726567656e65726174657c693a313637363930303538303b69647c733a323a223135223b757365726e616d657c733a353a2261646d696e223b656d61696c7c733a31353a2261646d696e4061646d696e2e636f6d223b735f726f6c657c733a333a22725f35223b6c6f67676564696e7c623a313b),
('cssks87emdbfkeeid7qt82d3ntjpq2vl', '::1', 1677446069, 0x5f5f63695f6c6173745f726567656e65726174657c693a313637373434363036393b69647c733a323a223135223b757365726e616d657c733a353a2261646d696e223b656d61696c7c733a31353a2261646d696e4061646d696e2e636f6d223b735f726f6c657c733a333a22725f35223b6c6f67676564696e7c623a313b),
('dlig96s1n2tle50nfnnue5u24gklhpj9', '::1', 1676896720, 0x5f5f63695f6c6173745f726567656e65726174657c693a313637363839363732303b69647c733a323a223135223b757365726e616d657c733a353a2261646d696e223b656d61696c7c733a31353a2261646d696e4061646d696e2e636f6d223b735f726f6c657c733a333a22725f35223b6c6f67676564696e7c623a313b),
('dolu3u1gr3ccp57i8mcs49h8pppfinsi', '::1', 1676897021, 0x5f5f63695f6c6173745f726567656e65726174657c693a313637363839373032313b69647c733a323a223135223b757365726e616d657c733a353a2261646d696e223b656d61696c7c733a31353a2261646d696e4061646d696e2e636f6d223b735f726f6c657c733a333a22725f35223b6c6f67676564696e7c623a313b),
('e8pnr4ppm26gn1v4ngoa0e7ocebdt6mp', '::1', 1677448066, 0x5f5f63695f6c6173745f726567656e65726174657c693a313637373434383036363b69647c733a323a223135223b757365726e616d657c733a353a2261646d696e223b656d61696c7c733a31353a2261646d696e4061646d696e2e636f6d223b735f726f6c657c733a333a22725f35223b6c6f67676564696e7c623a313b),
('ebdvj2lt1a1ldkvuitlroc2v5seplm3d', '::1', 1676925445, 0x5f5f63695f6c6173745f726567656e65726174657c693a313637363932353434353b69647c733a323a223135223b757365726e616d657c733a353a2261646d696e223b656d61696c7c733a31353a2261646d696e4061646d696e2e636f6d223b735f726f6c657c733a333a22725f35223b6c6f67676564696e7c623a313b),
('ecac99qdp01mqosq20ras787fs5f47q4', '::1', 1677419583, 0x5f5f63695f6c6173745f726567656e65726174657c693a313637373431393538333b69647c733a323a223135223b757365726e616d657c733a353a2261646d696e223b656d61696c7c733a31353a2261646d696e4061646d696e2e636f6d223b735f726f6c657c733a333a22725f35223b6c6f67676564696e7c623a313b),
('gor8ck38uthjscm964fb73q8l8pis8jd', '::1', 1677689476, 0x5f5f63695f6c6173745f726567656e65726174657c693a313637373638393437353b),
('gpl2hg4m7vmd177ssofcv9sfae8immh8', '::1', 1678649061, 0x5f5f63695f6c6173745f726567656e65726174657c693a313637383634383938363b69647c733a323a223135223b757365726e616d657c733a353a2261646d696e223b656d61696c7c733a31353a2261646d696e4061646d696e2e636f6d223b735f726f6c657c733a333a22725f35223b6c6f67676564696e7c623a313b),
('h2tr667so1fboo3g94uuf70hu1eqnboh', '::1', 1676925950, 0x5f5f63695f6c6173745f726567656e65726174657c693a313637363932353935303b69647c733a323a223135223b757365726e616d657c733a353a2261646d696e223b656d61696c7c733a31353a2261646d696e4061646d696e2e636f6d223b735f726f6c657c733a333a22725f35223b6c6f67676564696e7c623a313b),
('hn8822i7oq5ne0hsc69cpnl66ja7q9mr', '::1', 1677406322, 0x5f5f63695f6c6173745f726567656e65726174657c693a313637373430363239333b69647c733a323a223135223b757365726e616d657c733a353a2261646d696e223b656d61696c7c733a31353a2261646d696e4061646d696e2e636f6d223b735f726f6c657c733a333a22725f35223b6c6f67676564696e7c623a313b),
('hv5tjulb2g7i5g8spk78c7p4g28mbmvo', '::1', 1677413482, 0x5f5f63695f6c6173745f726567656e65726174657c693a313637373431333438323b69647c733a323a223135223b757365726e616d657c733a353a2261646d696e223b656d61696c7c733a31353a2261646d696e4061646d696e2e636f6d223b735f726f6c657c733a333a22725f35223b6c6f67676564696e7c623a313b),
('ibrkmpsadghtokqethhqd1hqhkvuckkb', '::1', 1678647756, 0x5f5f63695f6c6173745f726567656e65726174657c693a313637383634373735363b69647c733a323a223135223b757365726e616d657c733a353a2261646d696e223b656d61696c7c733a31353a2261646d696e4061646d696e2e636f6d223b735f726f6c657c733a333a22725f35223b6c6f67676564696e7c623a313b),
('jacgomniet7h4bejaeg54ck8kg3td1mk', '::1', 1676901952, 0x5f5f63695f6c6173745f726567656e65726174657c693a313637363930313935323b69647c733a323a223135223b757365726e616d657c733a353a2261646d696e223b656d61696c7c733a31353a2261646d696e4061646d696e2e636f6d223b735f726f6c657c733a333a22725f35223b6c6f67676564696e7c623a313b),
('k2oldifen1v9bu1n7a5tmqmsci1fju8e', '::1', 1677414338, 0x5f5f63695f6c6173745f726567656e65726174657c693a313637373431343333383b69647c733a323a223135223b757365726e616d657c733a353a2261646d696e223b656d61696c7c733a31353a2261646d696e4061646d696e2e636f6d223b735f726f6c657c733a333a22725f35223b6c6f67676564696e7c623a313b),
('kf323mphqn8mh9f401iauu12v1j2bai4', '::1', 1678646349, 0x5f5f63695f6c6173745f726567656e65726174657c693a313637383634363334393b69647c733a323a223135223b757365726e616d657c733a353a2261646d696e223b656d61696c7c733a31353a2261646d696e4061646d696e2e636f6d223b735f726f6c657c733a333a22725f35223b6c6f67676564696e7c623a313b),
('kmg1ceue74699b2o3k57v2gsm07anhme', '::1', 1677422866, 0x5f5f63695f6c6173745f726567656e65726174657c693a313637373432323735353b69647c733a323a223135223b757365726e616d657c733a353a2261646d696e223b656d61696c7c733a31353a2261646d696e4061646d696e2e636f6d223b735f726f6c657c733a333a22725f35223b6c6f67676564696e7c623a313b),
('kmgs0kvokbsv3ctt5tpssv8pkqp0o9mf', '::1', 1678646701, 0x5f5f63695f6c6173745f726567656e65726174657c693a313637383634363730313b69647c733a323a223135223b757365726e616d657c733a353a2261646d696e223b656d61696c7c733a31353a2261646d696e4061646d696e2e636f6d223b735f726f6c657c733a333a22725f35223b6c6f67676564696e7c623a313b),
('l460phe8ols8b9slccvt8vkrqu849cr0', '::1', 1677407130, 0x5f5f63695f6c6173745f726567656e65726174657c693a313637373430373133303b69647c733a323a223135223b757365726e616d657c733a353a2261646d696e223b656d61696c7c733a31353a2261646d696e4061646d696e2e636f6d223b735f726f6c657c733a333a22725f35223b6c6f67676564696e7c623a313b),
('lajf924476oqa78p8g9nfj42e10jdh4p', '::1', 1676899704, 0x5f5f63695f6c6173745f726567656e65726174657c693a313637363839393730343b69647c733a323a223135223b757365726e616d657c733a353a2261646d696e223b656d61696c7c733a31353a2261646d696e4061646d696e2e636f6d223b735f726f6c657c733a333a22725f35223b6c6f67676564696e7c623a313b),
('lbkqvjbm3cnk77r6vr16hiovv6ovudpu', '::1', 1677421187, 0x5f5f63695f6c6173745f726567656e65726174657c693a313637373432313138373b69647c733a323a223135223b757365726e616d657c733a353a2261646d696e223b656d61696c7c733a31353a2261646d696e4061646d696e2e636f6d223b735f726f6c657c733a333a22725f35223b6c6f67676564696e7c623a313b),
('mloqjr6mds1ammq3165l6nho47k58dm8', '::1', 1676904063, 0x5f5f63695f6c6173745f726567656e65726174657c693a313637363930333932353b69647c733a323a223135223b757365726e616d657c733a353a2261646d696e223b656d61696c7c733a31353a2261646d696e4061646d696e2e636f6d223b735f726f6c657c733a333a22725f35223b6c6f67676564696e7c623a313b),
('nak7mpknctplkmkoq74ph3kku4o0e7pc', '::1', 1677447245, 0x5f5f63695f6c6173745f726567656e65726174657c693a313637373434373234353b69647c733a323a223135223b757365726e616d657c733a353a2261646d696e223b656d61696c7c733a31353a2261646d696e4061646d696e2e636f6d223b735f726f6c657c733a333a22725f35223b6c6f67676564696e7c623a313b),
('o0g2jk4j10nucjm3jjui0145dk6hud2o', '::1', 1677415472, 0x5f5f63695f6c6173745f726567656e65726174657c693a313637373431353437323b69647c733a323a223135223b757365726e616d657c733a353a2261646d696e223b656d61696c7c733a31353a2261646d696e4061646d696e2e636f6d223b735f726f6c657c733a333a22725f35223b6c6f67676564696e7c623a313b),
('o814cpl8qds8ir4ephmmid5ub36cq3m9', '::1', 1676896403, 0x5f5f63695f6c6173745f726567656e65726174657c693a313637363839363430333b69647c733a323a223135223b757365726e616d657c733a353a2261646d696e223b656d61696c7c733a31353a2261646d696e4061646d696e2e636f6d223b735f726f6c657c733a333a22725f35223b6c6f67676564696e7c623a313b),
('ofbqticviungp4n4hhpfjjo0v93ta0u4', '::1', 1676903925, 0x5f5f63695f6c6173745f726567656e65726174657c693a313637363930333932353b69647c733a323a223135223b757365726e616d657c733a353a2261646d696e223b656d61696c7c733a31353a2261646d696e4061646d696e2e636f6d223b735f726f6c657c733a333a22725f35223b6c6f67676564696e7c623a313b),
('ovjqvqksc9421f2mr5m9tj4e9nm2a21u', '::1', 1676899397, 0x5f5f63695f6c6173745f726567656e65726174657c693a313637363839393339373b69647c733a323a223135223b757365726e616d657c733a353a2261646d696e223b656d61696c7c733a31353a2261646d696e4061646d696e2e636f6d223b735f726f6c657c733a333a22725f35223b6c6f67676564696e7c623a313b),
('pks6lt2fqm6vv1osutid0732eo3pbgqn', '::1', 1677422755, 0x5f5f63695f6c6173745f726567656e65726174657c693a313637373432323735353b69647c733a323a223135223b757365726e616d657c733a353a2261646d696e223b656d61696c7c733a31353a2261646d696e4061646d696e2e636f6d223b735f726f6c657c733a333a22725f35223b6c6f67676564696e7c623a313b),
('qdkrahjgm6ospirktidi2odvn85ti5ug', '::1', 1676901623, 0x5f5f63695f6c6173745f726567656e65726174657c693a313637363930313632333b69647c733a323a223135223b757365726e616d657c733a353a2261646d696e223b656d61696c7c733a31353a2261646d696e4061646d696e2e636f6d223b735f726f6c657c733a333a22725f35223b6c6f67676564696e7c623a313b),
('qic4nsipss3n0e3vps4nrchrpedmc0ls', '::1', 1677418324, 0x5f5f63695f6c6173745f726567656e65726174657c693a313637373431383332343b69647c733a323a223135223b757365726e616d657c733a353a2261646d696e223b656d61696c7c733a31353a2261646d696e4061646d696e2e636f6d223b735f726f6c657c733a333a22725f35223b6c6f67676564696e7c623a313b),
('r0ahcthglba1aem8sh1citm56iqhm8bk', '::1', 1677413894, 0x5f5f63695f6c6173745f726567656e65726174657c693a313637373431333839343b69647c733a323a223135223b757365726e616d657c733a353a2261646d696e223b656d61696c7c733a31353a2261646d696e4061646d696e2e636f6d223b735f726f6c657c733a333a22725f35223b6c6f67676564696e7c623a313b),
('rcnk3e7om3rnq6fegabnotbslvohsjgo', '::1', 1676894656, 0x5f5f63695f6c6173745f726567656e65726174657c693a313637363839343635363b69647c733a323a223135223b757365726e616d657c733a353a2261646d696e223b656d61696c7c733a31353a2261646d696e4061646d696e2e636f6d223b735f726f6c657c733a333a22725f35223b6c6f67676564696e7c623a313b),
('rkthg0mq05hjoon8q5cum6c459fipibl', '::1', 1677420330, 0x5f5f63695f6c6173745f726567656e65726174657c693a313637373432303333303b69647c733a323a223135223b757365726e616d657c733a353a2261646d696e223b656d61696c7c733a31353a2261646d696e4061646d696e2e636f6d223b735f726f6c657c733a333a22725f35223b6c6f67676564696e7c623a313b),
('rqagdiold68d1qb840rc18nd3pfii13t', '::1', 1676927482, 0x5f5f63695f6c6173745f726567656e65726174657c693a313637363932373438323b69647c733a323a223135223b757365726e616d657c733a353a2261646d696e223b656d61696c7c733a31353a2261646d696e4061646d696e2e636f6d223b735f726f6c657c733a333a22725f35223b6c6f67676564696e7c623a313b),
('sid4q8u62i2mq2d80tbvrqfurtbo5p8m', '::1', 1676900909, 0x5f5f63695f6c6173745f726567656e65726174657c693a313637363930303930393b69647c733a323a223135223b757365726e616d657c733a353a2261646d696e223b656d61696c7c733a31353a2261646d696e4061646d696e2e636f6d223b735f726f6c657c733a333a22725f35223b6c6f67676564696e7c623a313b),
('smlpjo14as0e6tsqe8b17577bnefe933', '::1', 1677415145, 0x5f5f63695f6c6173745f726567656e65726174657c693a313637373431353134353b69647c733a323a223135223b757365726e616d657c733a353a2261646d696e223b656d61696c7c733a31353a2261646d696e4061646d696e2e636f6d223b735f726f6c657c733a333a22725f35223b6c6f67676564696e7c623a313b),
('sraale0hkqacv8u17mp0dgrvn5vierpb', '::1', 1677446434, 0x5f5f63695f6c6173745f726567656e65726174657c693a313637373434363433343b69647c733a323a223135223b757365726e616d657c733a353a2261646d696e223b656d61696c7c733a31353a2261646d696e4061646d696e2e636f6d223b735f726f6c657c733a333a22725f35223b6c6f67676564696e7c623a313b),
('tnj8oh8lssvl8jhfu723pvaljnv2i3q0', '::1', 1677422406, 0x5f5f63695f6c6173745f726567656e65726174657c693a313637373432323430363b69647c733a323a223135223b757365726e616d657c733a353a2261646d696e223b656d61696c7c733a31353a2261646d696e4061646d696e2e636f6d223b735f726f6c657c733a333a22725f35223b6c6f67676564696e7c623a313b),
('ttcooi5b0lras16pdr7i1tcs9j5ai7i6', '::1', 1678647036, 0x5f5f63695f6c6173745f726567656e65726174657c693a313637383634373033363b69647c733a323a223135223b757365726e616d657c733a353a2261646d696e223b656d61696c7c733a31353a2261646d696e4061646d696e2e636f6d223b735f726f6c657c733a333a22725f35223b6c6f67676564696e7c623a313b),
('u1n4egrnr3q0jm18p9d45ad259hgouq7', '::1', 1676926617, 0x5f5f63695f6c6173745f726567656e65726174657c693a313637363932363631373b69647c733a323a223135223b757365726e616d657c733a353a2261646d696e223b656d61696c7c733a31353a2261646d696e4061646d696e2e636f6d223b735f726f6c657c733a333a22725f35223b6c6f67676564696e7c623a313b),
('u4gb96tb18chkc9lf278p183a32lhomt', '::1', 1677448999, 0x5f5f63695f6c6173745f726567656e65726174657c693a313637373434383939393b69647c733a323a223135223b757365726e616d657c733a353a2261646d696e223b656d61696c7c733a31353a2261646d696e4061646d696e2e636f6d223b735f726f6c657c733a333a22725f35223b6c6f67676564696e7c623a313b),
('uahf136snsiuv14hb1i4dak4on66h1lt', '::1', 1677416742, 0x5f5f63695f6c6173745f726567656e65726174657c693a313637373431363734323b69647c733a323a223135223b757365726e616d657c733a353a2261646d696e223b656d61696c7c733a31353a2261646d696e4061646d696e2e636f6d223b735f726f6c657c733a333a22725f35223b6c6f67676564696e7c623a313b),
('vjva1l464hvf3iia859t83kf5bfmk6j1', '::1', 1677753615, 0x5f5f63695f6c6173745f726567656e65726174657c693a313637373735333631353b69647c733a323a223135223b757365726e616d657c733a353a2261646d696e223b656d61696c7c733a31353a2261646d696e4061646d696e2e636f6d223b735f726f6c657c733a333a22725f35223b6c6f67676564696e7c623a313b),
('vpk038nomd94eauid8pl4c3l44np2r0c', '::1', 1676927483, 0x5f5f63695f6c6173745f726567656e65726174657c693a313637363932373438323b);

-- --------------------------------------------------------

--
-- Table structure for table `geopos_accounts`
--

CREATE TABLE `geopos_accounts` (
  `id` int(5) NOT NULL,
  `acn` varchar(35) NOT NULL,
  `holder` varchar(100) NOT NULL,
  `adate` datetime NOT NULL,
  `lastbal` decimal(16,2) DEFAULT 0.00,
  `bf_amount` double DEFAULT NULL,
  `code` varchar(30) DEFAULT NULL,
  `loc` int(4) DEFAULT NULL,
  `account_type` enum('Assets','Expenses','Income','Liabilities','Equity','Basic') NOT NULL DEFAULT 'Basic'
) ENGINE=InnoDB DEFAULT CHARSET=utf8 COLLATE=utf8_general_ci;

--
-- Dumping data for table `geopos_accounts`
--

INSERT INTO `geopos_accounts` (`id`, `acn`, `holder`, `adate`, `lastbal`, `bf_amount`, `code`, `loc`, `account_type`) VALUES
(1, '123456', 'Sales Account', '2018-01-01 00:00:00', '76745.00', 50, 'Default Sales Account', 0, 'Basic');

-- --------------------------------------------------------

--
-- Table structure for table `geopos_attendance`
--

CREATE TABLE `geopos_attendance` (
  `id` int(11) NOT NULL,
  `emp` int(11) NOT NULL,
  `created` datetime NOT NULL DEFAULT current_timestamp(),
  `adate` date NOT NULL,
  `tfrom` time NOT NULL,
  `tto` time NOT NULL,
  `note` varchar(255) DEFAULT NULL,
  `actual_hours` int(11) DEFAULT NULL
) ENGINE=InnoDB DEFAULT CHARSET=utf8 COLLATE=utf8_general_ci;

-- --------------------------------------------------------

--
-- Table structure for table `geopos_bank_ac`
--

CREATE TABLE `geopos_bank_ac` (
  `id` int(11) NOT NULL,
  `name` varchar(50) NOT NULL,
  `bank` varchar(50) NOT NULL,
  `acn` varchar(50) NOT NULL,
  `code` varchar(50) DEFAULT NULL,
  `note` varchar(2000) DEFAULT NULL,
  `address` varchar(100) DEFAULT NULL,
  `branch` varchar(100) DEFAULT NULL,
  `enable` enum('Yes','No') NOT NULL DEFAULT 'No'
) ENGINE=InnoDB DEFAULT CHARSET=utf8 COLLATE=utf8_general_ci;

-- --------------------------------------------------------

--
-- Table structure for table `geopos_config`
--

CREATE TABLE `geopos_config` (
  `id` int(11) NOT NULL,
  `type` int(3) NOT NULL,
  `val1` varchar(50) NOT NULL,
  `val2` varchar(200) NOT NULL,
  `val3` varchar(100) NOT NULL,
  `val4` varchar(100) NOT NULL,
  `rid` int(11) NOT NULL,
  `other` int(11) NOT NULL
) ENGINE=InnoDB DEFAULT CHARSET=utf8 COLLATE=utf8_general_ci;

-- --------------------------------------------------------

--
-- Table structure for table `geopos_currencies`
--

CREATE TABLE `geopos_currencies` (
  `id` int(4) NOT NULL,
  `code` varchar(3) CHARACTER SET latin1 COLLATE latin1_swedish_ci DEFAULT NULL,
  `symbol` varchar(3) DEFAULT NULL,
  `rate` decimal(10,5) NOT NULL,
  `thous` char(1) CHARACTER SET latin1 COLLATE latin1_swedish_ci DEFAULT NULL,
  `dpoint` char(1) CHARACTER SET latin1 COLLATE latin1_swedish_ci NOT NULL,
  `decim` int(2) NOT NULL,
  `cpos` int(11) NOT NULL DEFAULT 1
) ENGINE=InnoDB DEFAULT CHARSET=utf8 COLLATE=utf8_general_ci;

-- --------------------------------------------------------

--
-- Table structure for table `geopos_customers`
--

CREATE TABLE `geopos_customers` (
  `id` int(11) UNSIGNED NOT NULL,
  `name` varchar(50) NOT NULL,
  `phone` varchar(20) DEFAULT NULL,
  `address` varchar(50) DEFAULT NULL,
  `city` varchar(50) DEFAULT NULL,
  `region` varchar(30) DEFAULT NULL,
  `country` varchar(50) DEFAULT NULL,
  `postbox` varchar(20) DEFAULT NULL,
  `email` varchar(60) DEFAULT NULL,
  `picture` varchar(100) NOT NULL DEFAULT 'example.png',
  `gid` int(5) NOT NULL DEFAULT 1,
  `company` varchar(100) DEFAULT NULL,
  `taxid` varchar(100) DEFAULT NULL,
  `name_s` varchar(100) DEFAULT NULL,
  `phone_s` varchar(100) DEFAULT NULL,
  `email_s` varchar(100) DEFAULT NULL,
  `address_s` varchar(100) DEFAULT NULL,
  `city_s` varchar(100) DEFAULT NULL,
  `region_s` varchar(100) DEFAULT NULL,
  `country_s` varchar(100) DEFAULT NULL,
  `postbox_s` varchar(100) DEFAULT NULL,
  `balance` decimal(16,2) DEFAULT 0.00,
  `loc` int(11) DEFAULT 0,
  `docid` varchar(255) DEFAULT NULL,
  `custom1` varchar(255) DEFAULT NULL,
  `discount_c` decimal(16,2) DEFAULT NULL,
  `reg_date` datetime DEFAULT current_timestamp()
) ENGINE=InnoDB DEFAULT CHARSET=utf8 COLLATE=utf8_general_ci;

--
-- Dumping data for table `geopos_customers`
--

INSERT INTO `geopos_customers` (`id`, `name`, `phone`, `address`, `city`, `region`, `country`, `postbox`, `email`, `picture`, `gid`, `company`, `taxid`, `name_s`, `phone_s`, `email_s`, `address_s`, `city_s`, `region_s`, `country_s`, `postbox_s`, `balance`, `loc`, `docid`, `custom1`, `discount_c`, `reg_date`) VALUES
(1, 'Walk-in Client', '0987654321', 'Test', NULL, NULL, NULL, NULL, 'example@example.com', 'example.png', 1, NULL, NULL, NULL, NULL, NULL, NULL, NULL, NULL, NULL, NULL, '0.00', 0, NULL, NULL, NULL, NULL);

-- --------------------------------------------------------

--
-- Table structure for table `geopos_custom_data`
--

CREATE TABLE `geopos_custom_data` (
  `id` int(11) NOT NULL,
  `field_id` int(11) NOT NULL,
  `rid` int(11) NOT NULL,
  `module` int(3) NOT NULL,
  `data` varchar(255) DEFAULT NULL
) ENGINE=InnoDB DEFAULT CHARSET=utf8 COLLATE=utf8_general_ci;

-- --------------------------------------------------------

--
-- Table structure for table `geopos_custom_fields`
--

CREATE TABLE `geopos_custom_fields` (
  `id` int(11) NOT NULL,
  `f_module` int(3) NOT NULL,
  `f_type` varchar(30) NOT NULL,
  `name` varchar(30) DEFAULT NULL,
  `placeholder` varchar(30) DEFAULT NULL,
  `value_data` text NOT NULL,
  `f_view` int(2) NOT NULL,
  `other` varchar(50) DEFAULT NULL
) ENGINE=InnoDB DEFAULT CHARSET=utf8 COLLATE=utf8_general_ci;

-- --------------------------------------------------------

--
-- Table structure for table `geopos_cust_group`
--

CREATE TABLE `geopos_cust_group` (
  `id` int(10) NOT NULL,
  `title` varchar(60) DEFAULT NULL,
  `summary` varchar(250) DEFAULT NULL,
  `disc_rate` decimal(9,2) DEFAULT NULL
) ENGINE=InnoDB DEFAULT CHARSET=utf8 COLLATE=utf8_general_ci;

--
-- Dumping data for table `geopos_cust_group`
--

INSERT INTO `geopos_cust_group` (`id`, `title`, `summary`, `disc_rate`) VALUES
(1, 'Default Group', 'Default Group', NULL);

-- --------------------------------------------------------

--
-- Table structure for table `geopos_documents`
--

CREATE TABLE `geopos_documents` (
  `id` int(11) NOT NULL,
  `title` varchar(100) DEFAULT NULL,
  `filename` varchar(50) DEFAULT NULL,
  `cdate` date NOT NULL,
  `permission` int(1) DEFAULT NULL,
  `cid` int(11) NOT NULL,
  `fid` int(11) NOT NULL,
  `rid` int(11) NOT NULL
) ENGINE=InnoDB DEFAULT CHARSET=utf8 COLLATE=utf8_general_ci;

-- --------------------------------------------------------

--
-- Table structure for table `geopos_draft`
--

CREATE TABLE `geopos_draft` (
  `id` int(11) NOT NULL,
  `tid` int(11) NOT NULL,
  `invoicedate` date NOT NULL,
  `invoiceduedate` date NOT NULL,
  `subtotal` decimal(16,2) DEFAULT 0.00,
  `shipping` decimal(16,2) DEFAULT 0.00,
  `ship_tax` decimal(16,2) DEFAULT NULL,
  `ship_tax_type` enum('incl','excl','off') DEFAULT 'off',
  `discount` decimal(16,2) DEFAULT 0.00,
  `tax` decimal(16,2) DEFAULT 0.00,
  `total` decimal(16,2) DEFAULT 0.00,
  `pmethod` varchar(14) DEFAULT NULL,
  `notes` varchar(255) DEFAULT NULL,
  `status` enum('paid','due','canceled','partial') NOT NULL DEFAULT 'due',
  `csd` int(5) NOT NULL DEFAULT 0,
  `eid` int(4) NOT NULL,
  `pamnt` decimal(16,2) DEFAULT 0.00,
  `items` decimal(10,2) NOT NULL,
  `taxstatus` enum('yes','no','cgst','igst') NOT NULL DEFAULT 'yes',
  `discstatus` tinyint(1) NOT NULL,
  `format_discount` enum('%','flat','bflat','b_p') NOT NULL DEFAULT '%',
  `refer` varchar(20) DEFAULT NULL,
  `term` int(3) NOT NULL,
  `multi` int(4) DEFAULT NULL,
  `i_class` int(1) NOT NULL DEFAULT 0,
  `loc` int(4) NOT NULL
) ENGINE=InnoDB DEFAULT CHARSET=utf8 COLLATE=utf8_general_ci;

--
-- Dumping data for table `geopos_draft`
--

INSERT INTO `geopos_draft` (`id`, `tid`, `invoicedate`, `invoiceduedate`, `subtotal`, `shipping`, `ship_tax`, `ship_tax_type`, `discount`, `tax`, `total`, `pmethod`, `notes`, `status`, `csd`, `eid`, `pamnt`, `items`, `taxstatus`, `discstatus`, `format_discount`, `refer`, `term`, `multi`, `i_class`, `loc`) VALUES
(1, 1001, '2023-02-07', '2023-02-07', '2040.00', '0.00', '0.00', 'incl', '0.00', '0.00', '2040.00', NULL, '', 'partial', 1, 15, '0.00', '9.00', 'yes', 1, '%', '', 1, NULL, 1, 0),
(2, 1008, '2023-02-20', '2023-02-20', '305.00', '0.00', '0.00', 'incl', '0.00', '0.00', '305.00', NULL, '', 'partial', 1, 15, '0.00', '3.00', 'yes', 1, '%', '', 1, NULL, 1, 0),
(3, 1008, '2023-02-20', '2023-02-20', '302.50', '0.00', '0.00', 'incl', '0.00', '0.00', '302.50', NULL, '', 'partial', 1, 15, '0.00', '2.00', 'yes', 1, '%', '', 1, NULL, 1, 0);

-- --------------------------------------------------------

--
-- Table structure for table `geopos_draft_items`
--

CREATE TABLE `geopos_draft_items` (
  `id` int(11) NOT NULL,
  `tid` int(11) NOT NULL,
  `pid` int(11) NOT NULL DEFAULT 0,
  `product` varchar(255) DEFAULT NULL,
  `code` varchar(20) DEFAULT NULL,
  `qty` decimal(10,2) NOT NULL DEFAULT 0.00,
  `price` decimal(16,2) NOT NULL DEFAULT 0.00,
  `tax` decimal(16,2) DEFAULT 0.00,
  `discount` decimal(16,2) DEFAULT 0.00,
  `subtotal` decimal(16,2) DEFAULT 0.00,
  `totaltax` decimal(16,2) DEFAULT 0.00,
  `totaldiscount` decimal(16,2) DEFAULT 0.00,
  `product_des` text DEFAULT NULL,
  `i_class` int(1) NOT NULL DEFAULT 0,
  `unit` varchar(5) DEFAULT NULL
) ENGINE=InnoDB DEFAULT CHARSET=utf8 COLLATE=utf8_general_ci;

--
-- Dumping data for table `geopos_draft_items`
--

INSERT INTO `geopos_draft_items` (`id`, `tid`, `pid`, `product`, `code`, `qty`, `price`, `tax`, `discount`, `subtotal`, `totaltax`, `totaldiscount`, `product_des`, `i_class`, `unit`) VALUES
(1, 1, 17, 'Product D-123456', '123456', '3.00', '300.00', '0.00', '0.00', '750.00', '0.00', '0.00', NULL, 1, ''),
(2, 1, 18, 'Product E-123456', '123456', '3.00', '300.00', '0.00', '0.00', '690.00', '0.00', '0.00', NULL, 1, ''),
(3, 1, 19, 'Product F-123456', '123456', '3.00', '300.00', '0.00', '0.00', '600.00', '0.00', '0.00', NULL, 1, ''),
(4, 2, 1, 'Product A-P1', 'P1', '1.00', '300.00', '0.00', '0.00', '300.00', '0.00', '0.00', NULL, 1, ''),
(5, 2, 21, 'Tobacco-001', '001', '1.00', '2.50', '0.00', '0.00', '2.50', '0.00', '0.00', NULL, 1, ''),
(6, 2, 22, 'Tobacco 2-001', '001', '1.00', '2.50', '0.00', '0.00', '2.50', '0.00', '0.00', NULL, 1, 'kg'),
(7, 3, 1, 'Product A-P1', 'P1', '1.00', '300.00', '0.00', '0.00', '300.00', '0.00', '0.00', NULL, 1, ''),
(8, 3, 21, 'Tobacco-001', '001', '1.00', '2.50', '0.00', '0.00', '2.50', '0.00', '0.00', NULL, 1, '');

-- --------------------------------------------------------

--
-- Table structure for table `geopos_employees`
--

CREATE TABLE `geopos_employees` (
  `id` int(11) NOT NULL,
  `username` varchar(30) NOT NULL,
  `name` varchar(50) NOT NULL,
  `address` varchar(100) DEFAULT NULL,
  `city` varchar(50) DEFAULT NULL,
  `region` varchar(50) DEFAULT NULL,
  `country` varchar(50) DEFAULT NULL,
  `postbox` varchar(20) DEFAULT NULL,
  `phone` varchar(15) DEFAULT NULL,
  `phonealt` varchar(15) DEFAULT NULL,
  `picture` varchar(50) NOT NULL DEFAULT 'example.png',
  `sign` varchar(100) DEFAULT 'sign.png',
  `joindate` datetime NOT NULL DEFAULT current_timestamp(),
  `dept` int(11) DEFAULT NULL,
  `degis` int(11) DEFAULT NULL,
  `salary` decimal(16,2) DEFAULT 0.00,
  `target` varchar(255) DEFAULT NULL,
  `month_target` varchar(255) DEFAULT NULL,
  `clock` int(1) DEFAULT NULL,
  `clockin` int(11) DEFAULT NULL,
  `clockout` int(11) DEFAULT NULL,
  `c_rate` decimal(16,2) DEFAULT NULL
) ENGINE=InnoDB DEFAULT CHARSET=utf8 COLLATE=utf8_general_ci;

--
-- Dumping data for table `geopos_employees`
--

INSERT INTO `geopos_employees` (`id`, `username`, `name`, `address`, `city`, `region`, `country`, `postbox`, `phone`, `phonealt`, `picture`, `sign`, `joindate`, `dept`, `degis`, `salary`, `target`, `month_target`, `clock`, `clockin`, `clockout`, `c_rate`) VALUES
(13, 'admin', 'BusinessOwner', 'Test Street', 'Test City', 'Test Region', 'Test Country', '123456', '12345678', '0', 'example.png', 'sign.png', '2023-01-11 23:02:20', NULL, NULL, '0.00', '', '', NULL, NULL, NULL, NULL),
(17, 'c222', 'Test 17', 'Test', 'Islamabad', NULL, 'Pakistan', '', '000000000000', '', 'example.png', 'sign.png', '2023-02-15 00:53:13', 0, NULL, '5000.00', '35000', '03', NULL, NULL, NULL, '0.00'),
(19, 'Testing', 'Test 19', 'Test', 'Islamabad', NULL, 'Pakistan', '', '000000000000', '', 'example.png', 'sign.png', '2023-02-26 17:03:38', 0, NULL, '30000.00', '50000', '03', NULL, NULL, NULL, '0.00');

-- --------------------------------------------------------

--
-- Table structure for table `geopos_employees_month_target`
--

CREATE TABLE `geopos_employees_month_target` (
  `id` int(11) NOT NULL,
  `emp_id` int(11) NOT NULL,
  `target` double NOT NULL,
  `month_target` varchar(15) NOT NULL,
  `year` varchar(15) NOT NULL,
  `created_at` timestamp NOT NULL DEFAULT current_timestamp()
) ENGINE=InnoDB DEFAULT CHARSET=utf8mb4 COLLATE=utf8mb4_general_ci;

--
-- Dumping data for table `geopos_employees_month_target`
--

INSERT INTO `geopos_employees_month_target` (`id`, `emp_id`, `target`, `month_target`, `year`, `created_at`) VALUES
(1, 17, 35000, '02', '2023', '2023-02-26 13:05:50'),
(2, 19, 50000, '02', '2023', '2023-02-26 12:03:38'),
(4, 17, 30000, '01', '2023', '2023-02-26 13:21:47'),
(5, 19, 40000, '01', '2023', '2023-02-26 13:32:48'),
(6, 19, 4000, '03', '2023', '2023-02-26 22:05:20');

-- --------------------------------------------------------

--
-- Table structure for table `geopos_events`
--

CREATE TABLE `geopos_events` (
  `id` int(11) NOT NULL,
  `title` varchar(255) NOT NULL,
  `description` text NOT NULL,
  `color` varchar(7) NOT NULL DEFAULT '#3a87ad',
  `start` datetime NOT NULL,
  `end` datetime DEFAULT NULL,
  `allDay` varchar(50) NOT NULL DEFAULT 'true',
  `rel` int(2) NOT NULL DEFAULT 0,
  `rid` int(11) NOT NULL DEFAULT 0
) ENGINE=InnoDB DEFAULT CHARSET=utf8 COLLATE=utf8_general_ci;

-- --------------------------------------------------------

--
-- Table structure for table `geopos_gateways`
--

CREATE TABLE `geopos_gateways` (
  `id` int(5) NOT NULL,
  `name` varchar(50) NOT NULL,
  `enable` enum('Yes','No') NOT NULL,
  `key1` varchar(255) NOT NULL,
  `key2` varchar(255) DEFAULT NULL,
  `currency` varchar(3) NOT NULL DEFAULT 'USD',
  `dev_mode` enum('true','false') NOT NULL,
  `ord` int(5) NOT NULL,
  `surcharge` decimal(16,2) NOT NULL,
  `extra` varchar(40) NOT NULL DEFAULT 'none'
) ENGINE=InnoDB DEFAULT CHARSET=latin1 COLLATE=latin1_swedish_ci;

--
-- Dumping data for table `geopos_gateways`
--

INSERT INTO `geopos_gateways` (`id`, `name`, `enable`, `key1`, `key2`, `currency`, `dev_mode`, `ord`, `surcharge`, `extra`) VALUES
(1, 'Stripe', 'Yes', 'sk_test_secratekey', 'stripe_public_key', 'USD', 'true', 1, '0.00', 'none'),
(2, 'Authorize.Net', 'Yes', 'TRANSACTIONKEY', 'LOGINID', 'AUD', 'true', 2, '0.00', 'none'),
(3, 'Pin Payments', 'Yes', 'TEST', 'none', 'AUD', 'true', 3, '0.00', 'none'),
(4, 'PayPal', 'Yes', 'MyPayPalClientId', 'MyPayPalSecret', 'USD', 'true', 4, '0.00', 'none'),
(5, 'SecurePay', 'Yes', 'ABC0001', 'abc123', 'AUD', 'true', 5, '0.00', 'none'),
(6, '2Checkout', 'Yes', 'Publishable Key', 'Private Key', 'USD', 'true', 6, '0.00', 'seller_id'),
(7, 'PayU Money', 'Yes', 'MERCHANT_KEY', 'MERCHANT_SALT', 'USD', 'true', 7, '0.00', 'none'),
(8, 'RazorPay', 'Yes', 'Key Id', 'Key Secret', 'INR', 'true', 8, '0.00', 'none');

-- --------------------------------------------------------

--
-- Table structure for table `geopos_goals`
--

CREATE TABLE `geopos_goals` (
  `id` int(1) NOT NULL,
  `income` bigint(20) NOT NULL,
  `expense` bigint(20) NOT NULL,
  `sales` bigint(20) NOT NULL,
  `netincome` bigint(20) NOT NULL
) ENGINE=InnoDB DEFAULT CHARSET=utf8 COLLATE=utf8_general_ci;

--
-- Dumping data for table `geopos_goals`
--

INSERT INTO `geopos_goals` (`id`, `income`, `expense`, `sales`, `netincome`) VALUES
(1, 999999, 999999, 999999, 999999);

-- --------------------------------------------------------

--
-- Table structure for table `geopos_hrm`
--

CREATE TABLE `geopos_hrm` (
  `id` int(11) NOT NULL,
  `typ` int(2) NOT NULL,
  `rid` int(11) NOT NULL,
  `val1` varchar(255) DEFAULT NULL,
  `val2` varchar(255) DEFAULT NULL,
  `val3` varchar(255) DEFAULT NULL
) ENGINE=InnoDB DEFAULT CHARSET=utf8 COLLATE=utf8_general_ci;

-- --------------------------------------------------------

--
-- Table structure for table `geopos_invoices`
--

CREATE TABLE `geopos_invoices` (
  `id` int(11) NOT NULL,
  `tid` int(11) NOT NULL,
  `invoicedate` date NOT NULL,
  `invoiceduedate` date NOT NULL,
  `subtotal` decimal(16,2) DEFAULT 0.00,
  `shipping` decimal(16,2) DEFAULT 0.00,
  `ship_tax` decimal(16,2) DEFAULT NULL,
  `ship_tax_type` enum('incl','excl','off') DEFAULT 'off',
  `discount` decimal(16,2) DEFAULT 0.00,
  `discount_rate` decimal(10,2) DEFAULT 0.00,
  `tax` decimal(16,2) DEFAULT 0.00,
  `total` decimal(16,2) DEFAULT 0.00,
  `pmethod` varchar(14) DEFAULT NULL,
  `notes` varchar(255) DEFAULT NULL,
  `status` enum('paid','due','canceled','partial') NOT NULL DEFAULT 'due',
  `csd` int(5) NOT NULL DEFAULT 0,
  `eid` int(4) NOT NULL,
  `pamnt` decimal(16,2) DEFAULT 0.00,
  `items` decimal(10,2) NOT NULL,
  `taxstatus` enum('yes','no','incl','cgst','igst') NOT NULL DEFAULT 'yes',
  `discstatus` tinyint(1) NOT NULL,
  `format_discount` enum('%','flat','b_p','bflat') NOT NULL DEFAULT '%',
  `refer` varchar(20) DEFAULT NULL,
  `term` int(3) NOT NULL,
  `multi` int(4) DEFAULT NULL,
  `i_class` int(1) NOT NULL DEFAULT 0,
  `loc` int(4) NOT NULL,
  `r_time` varchar(10) DEFAULT NULL,
  `wholesale` tinyint(1) NOT NULL DEFAULT 0
) ENGINE=InnoDB DEFAULT CHARSET=utf8 COLLATE=utf8_general_ci;

--
-- Dumping data for table `geopos_invoices`
--

INSERT INTO `geopos_invoices` (`id`, `tid`, `invoicedate`, `invoiceduedate`, `subtotal`, `shipping`, `ship_tax`, `ship_tax_type`, `discount`, `discount_rate`, `tax`, `total`, `pmethod`, `notes`, `status`, `csd`, `eid`, `pamnt`, `items`, `taxstatus`, `discstatus`, `format_discount`, `refer`, `term`, `multi`, `i_class`, `loc`, `r_time`, `wholesale`) VALUES
(47, 1001, '2023-02-14', '2023-02-14', '8400.00', '0.00', '0.00', 'incl', '0.00', '0.00', '0.00', '8400.00', 'Cash', '', 'paid', 1, 17, '8400.00', '3.00', 'yes', 1, '%', '', 1, NULL, 1, 0, NULL, 0),
(48, 1002, '2023-02-14', '2023-02-14', '600.00', '0.00', '0.00', 'incl', '0.00', '0.00', '0.00', '600.00', 'Card Swipe', '', 'paid', 1, 17, '600.00', '2.00', 'yes', 1, '%', '', 1, NULL, 1, 0, NULL, 0),
(49, 1003, '2023-02-14', '2023-02-14', '600.00', '0.00', '0.00', 'incl', '0.00', '0.00', '0.00', '600.00', 'Cash', '', 'paid', 1, 17, '600.00', '2.00', 'yes', 1, '%', '', 1, NULL, 1, 0, NULL, 0),
(50, 1004, '2023-02-14', '2023-02-14', '315.00', '0.00', '0.00', 'incl', '0.00', '0.00', '15.00', '315.00', 'Card Swipe', '', 'paid', 1, 17, '315.00', '1.00', 'yes', 1, '%', '', 1, NULL, 1, 1, NULL, 0),
(51, 1005, '2023-02-20', '2023-02-20', '4850.00', '0.00', '0.00', 'incl', '0.00', '0.00', '0.00', '4850.00', 'Cash', '', 'paid', 1, 17, '4850.00', '2.00', 'yes', 1, '%', '', 1, NULL, 1, 0, NULL, 0),
(52, 1006, '2023-02-20', '2023-02-20', '5.00', '0.00', '0.00', 'incl', '0.00', '0.00', '0.00', '5.00', 'Cash', '', 'paid', 1, 17, '5.00', '2.00', 'yes', 1, '%', '', 1, NULL, 1, 0, NULL, 0),
(53, 1007, '2023-02-20', '2023-02-20', '4852.50', '0.00', '0.00', 'incl', '0.00', '0.00', '0.00', '4852.50', 'Cash', '', 'paid', 1, 17, '4852.50', '3.00', 'yes', 1, '%', '', 1, NULL, 1, 0, NULL, 0),
(54, 1008, '2023-03-02', '2023-03-02', '302.50', '0.00', '0.00', 'incl', '0.00', '0.00', '0.00', '302.50', 'Cash', '', 'paid', 1, 17, '302.50', '2.00', 'yes', 1, '%', '', 1, NULL, 1, 0, NULL, 0),
(55, 1009, '2023-03-12', '2023-03-12', '4850.00', '0.00', '0.00', 'incl', '0.00', '0.00', '0.00', '4850.00', 'Cash', '', 'paid', 1, 19, '4850.00', '2.00', 'yes', 1, '%', '', 1, NULL, 1, 0, NULL, 0),
(56, 1010, '2023-03-13', '2023-03-13', '3850.00', '0.00', '0.00', 'incl', '0.00', '0.00', '0.00', '3850.00', 'Cash', '', 'paid', 1, 17, '3850.00', '2.00', 'yes', 1, '%', '', 1, NULL, 1, 0, NULL, 0),
(57, 1011, '2023-03-13', '2023-03-13', '7100.00', '0.00', '0.00', 'incl', '0.00', '0.00', '0.00', '7100.00', 'Cash', '', 'paid', 1, 17, '7100.00', '2.00', 'yes', 1, '%', '', 1, NULL, 1, 0, NULL, 0),
(58, 1012, '2023-03-13', '2023-03-13', '600.00', '0.00', '0.00', 'incl', '0.00', '0.00', '0.00', '600.00', 'Cash', '', 'paid', 1, 19, '600.00', '2.00', 'yes', 1, '%', '', 1, NULL, 1, 0, NULL, 0),
(59, 1013, '2023-03-13', '2023-03-13', '300.00', '0.00', '0.00', 'incl', '0.00', '0.00', '0.00', '300.00', 'Cash', '', 'paid', 1, 19, '300.00', '1.00', 'yes', 1, '%', '', 1, NULL, 1, 0, NULL, 0);

-- --------------------------------------------------------

--
-- Table structure for table `geopos_invoice_items`
--

CREATE TABLE `geopos_invoice_items` (
  `id` int(11) NOT NULL,
  `tid` int(11) NOT NULL,
  `pid` int(11) NOT NULL DEFAULT 0,
  `product` varchar(255) DEFAULT NULL,
  `code` varchar(20) DEFAULT NULL,
  `qty` decimal(10,2) NOT NULL DEFAULT 0.00,
  `price` decimal(16,2) NOT NULL DEFAULT 0.00,
  `tax` decimal(16,2) DEFAULT 0.00,
  `discount` decimal(16,2) DEFAULT 0.00,
  `subtotal` decimal(16,2) DEFAULT 0.00,
  `totaltax` decimal(16,2) DEFAULT 0.00,
  `totaldiscount` decimal(16,2) DEFAULT 0.00,
  `product_des` text DEFAULT NULL,
  `i_class` int(1) NOT NULL DEFAULT 0,
  `unit` varchar(5) DEFAULT NULL,
  `serial` varchar(200) DEFAULT NULL
) ENGINE=InnoDB DEFAULT CHARSET=utf8 COLLATE=utf8_general_ci;

--
-- Dumping data for table `geopos_invoice_items`
--

INSERT INTO `geopos_invoice_items` (`id`, `tid`, `pid`, `product`, `code`, `qty`, `price`, `tax`, `discount`, `subtotal`, `totaltax`, `totaldiscount`, `product_des`, `i_class`, `unit`, `serial`) VALUES
(68, 47, 1, 'Product A-P1', 'P1', '1.00', '300.00', '0.00', '0.00', '300.00', '0.00', '0.00', NULL, 1, '', ''),
(69, 47, 15, 'Product B-1234', '1234', '1.00', '3550.00', '0.00', '0.00', '3550.00', '0.00', '0.00', NULL, 1, '', ''),
(70, 47, 16, 'Product C-1234', '1234', '1.00', '4550.00', '0.00', '0.00', '4550.00', '0.00', '0.00', NULL, 1, '', ''),
(71, 48, 1, 'Product A-P1', 'P1', '2.00', '300.00', '0.00', '0.00', '600.00', '0.00', '0.00', NULL, 1, '', ''),
(72, 49, 1, 'Product A-P1', 'P1', '2.00', '300.00', '0.00', '0.00', '600.00', '0.00', '0.00', NULL, 1, '', ''),
(73, 50, 19, 'Product F-123456', '123456', '1.00', '300.00', '5.00', '0.00', '315.00', '15.00', '0.00', NULL, 1, '', ''),
(74, 51, 1, 'Product A-P1', 'P1', '1.00', '300.00', '0.00', '0.00', '300.00', '0.00', '0.00', NULL, 1, '', ''),
(75, 51, 16, 'Product C-1234', '1234', '1.00', '4550.00', '0.00', '0.00', '4550.00', '0.00', '0.00', NULL, 1, '', ''),
(76, 52, 21, 'Tobacco-001', '001', '2.00', '2.50', '0.00', '0.00', '5.00', '0.00', '0.00', NULL, 1, '', ''),
(77, 53, 1, 'Product A-P1', 'P1', '1.00', '300.00', '0.00', '0.00', '300.00', '0.00', '0.00', NULL, 1, '', ''),
(78, 53, 21, 'Tobacco-001', '001', '1.00', '2.50', '0.00', '0.00', '2.50', '0.00', '0.00', NULL, 1, '', ''),
(79, 53, 16, 'Product C-1234', '1234', '1.00', '4550.00', '0.00', '0.00', '4550.00', '0.00', '0.00', NULL, 1, '', ''),
(80, 54, 1, 'Product A-P1', 'P1', '1.00', '300.00', '0.00', '0.00', '300.00', '0.00', '0.00', NULL, 1, '', ''),
(81, 54, 22, 'Tobacco 2-001', '001', '1.00', '2.50', '0.00', '0.00', '2.50', '0.00', '0.00', NULL, 1, 'kg', ''),
(82, 55, 1, 'Product A-P1', 'P1', '1.00', '300.00', '0.00', '0.00', '300.00', '0.00', '0.00', NULL, 1, '', ''),
(83, 55, 16, 'Product C-1234', '1234', '1.00', '4550.00', '0.00', '0.00', '4550.00', '0.00', '0.00', NULL, 1, '', ''),
(84, 56, 1, 'Product A-P1', 'P1', '1.00', '300.00', '0.00', '0.00', '300.00', '0.00', '0.00', NULL, 1, '', ''),
(85, 56, 15, 'Product B-1234', '1234', '1.00', '3550.00', '0.00', '0.00', '3550.00', '0.00', '0.00', NULL, 1, '', ''),
(86, 57, 15, 'Product B-1234', '1234', '2.00', '3550.00', '0.00', '0.00', '7100.00', '0.00', '0.00', NULL, 1, '', ''),
(87, 58, 1, 'Product A-P1', 'P1', '2.00', '300.00', '0.00', '0.00', '600.00', '0.00', '0.00', NULL, 1, '', ''),
(88, 59, 1, 'Product A-P1', 'P1', '1.00', '300.00', '0.00', '0.00', '300.00', '0.00', '0.00', NULL, 1, '', '');

-- --------------------------------------------------------

--
-- Table structure for table `geopos_locations`
--

CREATE TABLE `geopos_locations` (
  `id` int(3) NOT NULL,
  `cname` varchar(100) NOT NULL,
  `address` varchar(255) DEFAULT NULL,
  `city` varchar(50) DEFAULT NULL,
  `region` varchar(40) DEFAULT NULL,
  `country` varchar(40) DEFAULT NULL,
  `postbox` varchar(20) DEFAULT NULL,
  `phone` varchar(20) DEFAULT NULL,
  `email` varchar(50) DEFAULT NULL,
  `taxid` varchar(40) DEFAULT NULL,
  `logo` varchar(50) DEFAULT 'logo.png',
  `cur` int(4) NOT NULL,
  `ware` int(11) DEFAULT 0,
  `ext` varchar(255) DEFAULT NULL
) ENGINE=InnoDB DEFAULT CHARSET=utf8 COLLATE=utf8_general_ci;

--
-- Dumping data for table `geopos_locations`
--

INSERT INTO `geopos_locations` (`id`, `cname`, `address`, `city`, `region`, `country`, `postbox`, `phone`, `email`, `taxid`, `logo`, `cur`, `ware`, `ext`) VALUES
(1, 'Sufyan Naveed', 'ISE tower, Blue Area, Jinnah Ave. Islamabad', 'Islamabad', 'Federal', 'Pakistan', '46000', '03040944647', 'info@codepispor.com', '', 'logo.png', 0, 1, '1');

-- --------------------------------------------------------

--
-- Table structure for table `geopos_log`
--

CREATE TABLE `geopos_log` (
  `id` int(11) NOT NULL,
  `note` mediumtext NOT NULL,
  `created` datetime NOT NULL DEFAULT current_timestamp(),
  `user` varchar(100) DEFAULT NULL
) ENGINE=InnoDB DEFAULT CHARSET=utf8 COLLATE=utf8_general_ci;

--
-- Dumping data for table `geopos_log`
--

INSERT INTO `geopos_log` (`id`, `note`, `created`, `user`) VALUES
(1, '[Logged In] admin@admin.com', '2023-01-11 18:02:39', ''),
(2, '[Logged In] admin@admin.com', '2023-02-04 21:47:04', ''),
(3, '[Logged Out] admin', '2023-02-04 22:11:50', ''),
(4, '[Logged In] admin@admin.com', '2023-02-04 22:12:09', ''),
(5, '[New Product] -Product A  -Qty-500 ID 1', '2023-02-04 22:14:38', 'admin'),
(6, '[Logged Out] admin', '2023-02-04 22:16:43', ''),
(7, '[Logged In] admin@admin.com', '2023-02-04 22:25:44', ''),
(8, '[Payment Invoice 1]  Transaction-1 - 100 ', '2023-02-04 23:22:41', 'admin'),
(9, '[Payment Invoice 2]  Transaction-2 - 900 ', '2023-02-04 23:24:36', 'admin'),
(10, '[Payment Invoice 3]  Transaction-3 - 100 ', '2023-02-04 23:30:51', 'admin'),
(11, '[Payment Invoice 4]  Transaction-4 - 100 ', '2023-02-04 23:31:13', 'admin'),
(12, '[Payment Invoice 7]  Transaction-5 - 200 ', '2023-02-04 23:49:37', 'admin'),
(13, '[Payment Invoice 8]  Transaction-6 - 100 ', '2023-02-04 23:51:14', 'admin'),
(14, '[Payment Invoice 9]  Transaction-7 - 200 ', '2023-02-04 23:53:13', 'admin'),
(15, '[Payment Invoice 10]  Transaction-8 - 100 ', '2023-02-04 23:54:28', 'admin'),
(16, '[Payment Invoice 11]  Transaction-9 - 200 ', '2023-02-04 23:55:21', 'admin'),
(17, '[Payment Invoice 12]  Transaction-10 - 100 ', '2023-02-04 23:59:42', 'admin'),
(18, '[Payment Invoice 13]  Transaction-11 - 100 ', '2023-02-05 00:01:33', 'admin'),
(19, '[Payment Invoice 14]  Transaction-12 - 600 ', '2023-02-05 00:18:40', 'admin'),
(20, '[Payment Invoice 15]  Transaction-13 - 600 ', '2023-02-05 00:20:26', 'admin'),
(21, '[Payment Invoice 16]  Transaction-14 - 600 ', '2023-02-05 00:29:09', 'admin'),
(22, '[Payment Invoice 17]  Transaction-15 - 600 ', '2023-02-05 00:38:04', 'admin'),
(23, '[Payment Invoice 18]  Transaction-16 - 600 ', '2023-02-05 00:38:39', 'admin'),
(24, '[Payment Invoice 19]  Transaction-17 - 100 ', '2023-02-05 00:49:59', 'admin'),
(25, '[Payment Invoice 19]  Transaction-18 - 500 ', '2023-02-05 00:49:59', 'admin'),
(26, '[Payment Invoice 20]  Transaction-19 - 300 ', '2023-02-05 01:00:23', 'admin'),
(27, '[Payment Invoice 20]  Transaction-20 - 0 ', '2023-02-05 01:00:23', 'admin'),
(28, '[Payment Invoice 21]  Transaction-21 - 100 ', '2023-02-05 01:09:45', 'admin'),
(29, '[Payment Invoice 21]  Transaction-22 - 500 ', '2023-02-05 01:09:45', 'admin'),
(30, '[Payment Invoice 22]  Transaction-23 - 100 ', '2023-02-05 01:11:28', 'admin'),
(31, '[Payment Invoice 22]  Transaction-24 - 500 ', '2023-02-05 01:11:28', 'admin'),
(32, '[Payment Invoice 23]  Transaction-25 - 300 ', '2023-02-05 01:11:36', 'admin'),
(33, '[Payment Invoice 24]  Transaction-26 - 300 ', '2023-02-05 01:12:11', 'admin'),
(34, '[Payment Invoice 25]  Transaction-27 - 600 ', '2023-02-05 19:12:10', 'admin'),
(35, '[Payment Invoice 26]  Transaction-28 - 300 ', '2023-02-05 19:41:12', 'admin'),
(36, '[Logged In] admin@admin.com', '2023-02-06 21:09:24', ''),
(37, '[New Product] -Product B  -Qty-500 ID 2', '2023-02-06 21:14:43', 'admin'),
(38, '[New Product] -Product C  -Qty-500 ID 3', '2023-02-06 21:16:35', 'admin'),
(39, '[New Product] -Product B  -Qty-500 ID 4', '2023-02-06 21:28:11', 'admin'),
(40, '[New Product] -Product B  -Qty-500 ID 5', '2023-02-06 21:47:36', 'admin'),
(41, '[New Product] -Product B  -Qty-500 ID 6', '2023-02-06 21:48:09', 'admin'),
(42, '[New Product] -Product B  -Qty-500 ID 7', '2023-02-06 23:01:58', 'admin'),
(43, '[New Product] -Product F  -Qty-500 ID 8', '2023-02-06 23:21:14', 'admin'),
(44, '[Logged In] admin@admin.com', '2023-02-07 13:09:28', ''),
(45, '[New Product] -Product F  -Qty-500 ID 9', '2023-02-07 13:13:51', 'admin'),
(46, '[New Product] -Product B  -Qty-500 ID 10', '2023-02-07 13:14:23', 'admin'),
(47, '[New Product] -Product B  -Qty-500 ID 11', '2023-02-07 13:14:52', 'admin'),
(48, '[New Product] -Product B  -Qty-500 ID 12', '2023-02-07 15:05:40', 'admin'),
(49, '[New Product] -Product 10  -Qty-200 ID 13', '2023-02-07 15:06:47', 'admin'),
(50, '[New Product] -Product B  -Qty-200 ID 14', '2023-02-07 15:15:04', 'admin'),
(51, '[New Product] -Product B  -Qty-500 ID 15', '2023-02-07 15:15:53', 'admin'),
(52, '[New Product] -Product C  -Qty-500 ID 16', '2023-02-07 15:56:34', 'admin'),
(53, '[Logged In] admin@admin.com', '2023-02-07 17:34:54', ''),
(54, '[New Product] -Product D  -Qty-500 ID 17', '2023-02-07 17:49:26', 'admin'),
(55, '[New Product] -Product E  -Qty-500 ID 18', '2023-02-07 18:16:03', 'admin'),
(56, '[New Product] -Product F  -Qty-500 ID 19', '2023-02-07 18:19:15', 'admin'),
(57, '[Update Product] -Product F  -Qty-500 ID 19', '2023-02-07 18:25:13', 'admin'),
(58, '[Update Product] -Product F  -Qty-500 ID 19', '2023-02-07 18:25:24', 'admin'),
(59, '[Update Product] -Product D  -Qty-500 ID 17', '2023-02-07 20:26:37', 'admin'),
(60, '[Update Product] -Product E  -Qty-500 ID 18', '2023-02-07 20:26:50', 'admin'),
(61, '[Payment Invoice 27]  Transaction-29 - 460 ', '2023-02-07 22:03:54', 'admin'),
(62, '[Payment Invoice 28]  Transaction-30 - 860 ', '2023-02-07 22:09:47', 'admin'),
(63, '[Payment Invoice 29]  Transaction-31 - 1410 ', '2023-02-07 22:14:01', 'admin'),
(64, '[Payment Invoice 30]  Transaction-32 - 1340 ', '2023-02-07 22:39:18', 'admin'),
(65, '[Payment Invoice 31]  Transaction-33 - 1160 ', '2023-02-07 22:44:46', 'admin'),
(66, '[Payment Invoice 32]  Transaction-34 - 1330 ', '2023-02-07 22:47:51', 'admin'),
(67, '[Payment Invoice 33]  Transaction-35 - 1150 ', '2023-02-07 22:51:37', 'admin'),
(68, '[Payment Invoice 34]  Transaction-36 - 1610 ', '2023-02-07 23:03:11', 'admin'),
(69, '[Payment Invoice 35]  Transaction-37 - 1130 ', '2023-02-07 23:08:40', 'admin'),
(70, '[Payment Invoice 36]  Transaction-38 - 860 ', '2023-02-07 23:09:34', 'admin'),
(71, '[Payment Invoice 37]  Transaction-39 - 1360 ', '2023-02-07 23:11:16', 'admin'),
(72, '[Payment Invoice 38]  Transaction-40 - 1190 ', '2023-02-07 23:15:57', 'admin'),
(73, '[Logged In] admin@admin.com', '2023-02-08 09:14:17', ''),
(74, '[Logged In] admin@admin.com', '2023-02-08 19:23:00', ''),
(75, '[Logged In] admin@admin.com', '2023-02-14 18:32:16', ''),
(76, '[Payment Invoice 39]  Transaction-41 - 100 ', '2023-02-14 19:18:33', 'admin'),
(77, '[Payment Invoice 40]  Transaction-42 - 300 ', '2023-02-14 19:22:39', 'admin'),
(78, '[Payment Invoice 41]  Transaction-43 - 300 ', '2023-02-14 19:22:46', 'admin'),
(79, '[Payment Invoice 42]  Transaction-44 - 300 ', '2023-02-14 19:24:32', 'admin'),
(80, '[Payment Invoice 43]  Transaction-45 - 3850 ', '2023-02-14 20:18:44', 'admin'),
(81, '[Payment Invoice 44]  Transaction-46 - 4850 ', '2023-02-14 20:18:51', 'admin'),
(82, '[Payment Invoice 45]  Transaction-47 - 100 ', '2023-02-14 23:09:56', 'admin'),
(83, '[Payment Invoice 45]  Transaction-48 - 200 ', '2023-02-14 23:09:56', 'admin'),
(84, '[Payment Invoice 46]  Transaction-49 - 2100 ', '2023-02-14 23:18:47', 'admin'),
(85, '[Payment Invoice 46]  Transaction-50 - 5000 ', '2023-02-14 23:18:47', 'admin'),
(86, '[Payment Invoice 47]  Transaction-51 - 8400 ', '2023-02-14 23:32:23', 'admin'),
(87, '[Payment Invoice 48]  Transaction-52 - 100 ', '2023-02-14 23:32:37', 'admin'),
(88, '[Payment Invoice 48]  Transaction-53 - 500 ', '2023-02-14 23:32:37', 'admin'),
(89, '[Payment Invoice 49]  Transaction-54 - 600 ', '2023-02-14 23:38:30', 'admin'),
(90, '[Update Product] -Product F  -Qty-481 ID 19', '2023-02-14 23:48:37', 'admin'),
(91, '[Payment Invoice 50]  Transaction-55 - 15 ', '2023-02-14 23:48:58', 'admin'),
(92, '[Payment Invoice 50]  Transaction-56 - 300 ', '2023-02-14 23:48:58', 'admin'),
(93, '[Logged In] admin@admin.com', '2023-02-15 15:30:41', ''),
(94, '[Employee ClockIn]  ID 15', '2023-02-15 16:48:05', 'admin'),
(95, '[Employee ClockIn]  ID 15', '2023-02-15 16:48:32', 'admin'),
(96, '[Employee ClockIn]  ID 15', '2023-02-15 16:48:39', 'admin'),
(97, '[Logged In] admin@admin.com', '2023-02-16 20:09:01', ''),
(98, '[New Product] -Product E  -Qty-500 ID 20', '2023-02-17 04:44:46', 'admin'),
(99, '[Logged In] admin@admin.com', '2023-02-20 02:10:40', ''),
(100, '[Payment Invoice 51]  Transaction-58 - 4850 ', '2023-02-20 02:12:16', 'admin'),
(101, '[Category Created] Hooka ID 2', '2023-02-20 02:14:56', 'admin'),
(102, '[New Product] -Tobacco  -Qty-50 ID 21', '2023-02-20 02:18:40', 'admin'),
(103, '[Payment Invoice 52]  Transaction-59 - 5 ', '2023-02-20 02:19:58', 'admin'),
(104, '[New Product] -Tobacco 2  -Qty-50 ID 22', '2023-02-20 02:24:40', 'admin'),
(105, '[Update Product] -Tobacco 2  -Qty-50 ID 22', '2023-02-20 02:27:27', 'admin'),
(106, '[New Product] -Tobacco 3  -Qty-50 ID 23', '2023-02-20 02:28:04', 'admin'),
(107, '[Payment Invoice 53]  Transaction-60 - 4852.5 ', '2023-02-20 02:35:22', 'admin'),
(108, '[Logged In] admin@admin.com', '2023-02-20 16:53:43', ''),
(109, '[WareHouse Created] Sufy ID 2', '2023-02-20 19:06:08', 'admin'),
(110, '[New Product] -Product A  -Qty-500 ID 24', '2023-02-20 19:06:34', 'admin'),
(111, '[Logged In] admin@admin.com', '2023-02-21 01:23:25', ''),
(112, '[Logged Out] admin', '2023-02-21 02:11:22', ''),
(113, '[Logged In] admin@admin.com', '2023-02-26 15:11:40', ''),
(114, '[Logged In] admin@admin.com', '2023-02-26 15:19:54', ''),
(115, '[Logged In] admin@admin.com', '2023-02-27 01:56:09', ''),
(116, '[Logged In] admin@admin.com', '2023-03-02 15:35:18', ''),
(117, '[Payment Invoice 54]  Transaction-69 - 302.5 ', '2023-03-02 15:35:38', 'admin'),
(118, '[Logged In] admin@admin.com', '2023-03-12 23:34:09', ''),
(119, '[Payment Invoice 55]  Transaction-70 - 4850 ', '2023-03-12 23:59:03', 'admin'),
(120, '[Payment Invoice 56]  Transaction-71 - 3850 ', '2023-03-13 00:12:35', 'admin'),
(121, '[Payment Invoice 57]  Transaction-72 - 7100 ', '2023-03-13 00:20:51', 'admin'),
(122, '[Payment Invoice 58]  Transaction-73 - 600 ', '2023-03-13 00:24:10', 'admin'),
(123, '[Payment Invoice 59]  Transaction-74 - 300 ', '2023-03-13 00:24:18', 'admin');

-- --------------------------------------------------------

--
-- Table structure for table `geopos_login_attempts`
--

CREATE TABLE `geopos_login_attempts` (
  `id` int(11) NOT NULL,
  `ip_address` varchar(39) DEFAULT '0',
  `timestamp` datetime DEFAULT NULL,
  `login_attempts` tinyint(2) DEFAULT 0
) ENGINE=InnoDB DEFAULT CHARSET=latin1 COLLATE=latin1_swedish_ci;

--
-- Dumping data for table `geopos_login_attempts`
--

INSERT INTO `geopos_login_attempts` (`id`, `ip_address`, `timestamp`, `login_attempts`) VALUES
(18, '::1', '2023-02-27 01:50:28', 1);

-- --------------------------------------------------------

--
-- Table structure for table `geopos_metadata`
--

CREATE TABLE `geopos_metadata` (
  `id` int(11) NOT NULL,
  `type` int(3) NOT NULL,
  `rid` int(11) NOT NULL,
  `col1` varchar(255) DEFAULT NULL,
  `col2` varchar(255) DEFAULT NULL,
  `d_date` date NOT NULL
) ENGINE=InnoDB DEFAULT CHARSET=utf8mb4 COLLATE=utf8mb4_general_ci;

--
-- Dumping data for table `geopos_metadata`
--

INSERT INTO `geopos_metadata` (`id`, `type`, `rid`, `col1`, `col2`, `d_date`) VALUES
(1, 9, 1, '0', NULL, '2023-02-04'),
(2, 9, 2, '0', NULL, '2023-02-04'),
(3, 9, 3, '0', NULL, '2023-02-04'),
(4, 9, 4, '0', NULL, '2023-02-04'),
(5, 9, 5, '0', NULL, '2023-02-04'),
(6, 9, 6, '0', NULL, '2023-02-04'),
(7, 9, 7, '0', NULL, '2023-02-04'),
(8, 9, 8, '0', NULL, '2023-02-04'),
(9, 9, 9, '0', NULL, '2023-02-04'),
(10, 9, 10, '0', NULL, '2023-02-04'),
(11, 9, 11, '0', NULL, '2023-02-04'),
(12, 9, 12, '0', NULL, '2023-02-04'),
(13, 9, 13, '0', NULL, '2023-02-05'),
(14, 9, 14, '0', NULL, '2023-02-05'),
(15, 9, 16, '0', NULL, '2023-02-05'),
(16, 9, 17, '0', NULL, '2023-02-05'),
(17, 9, 18, '0', NULL, '2023-02-05'),
(18, 9, 19, '0', NULL, '2023-02-05'),
(19, 9, 20, '0', NULL, '2023-02-05'),
(20, 9, 21, '0', NULL, '2023-02-05'),
(21, 9, 22, '0', NULL, '2023-02-05'),
(22, 9, 23, '0', NULL, '2023-02-05'),
(23, 9, 24, '0', NULL, '2023-02-05'),
(24, 9, 25, '0', NULL, '2023-02-05'),
(25, 9, 26, '0', NULL, '2023-02-05'),
(26, 9, 27, '280', NULL, '2023-02-07'),
(27, 9, 28, '560', NULL, '2023-02-07'),
(28, 9, 29, '420', NULL, '2023-02-07'),
(29, 9, 30, '700', NULL, '2023-02-07'),
(30, 9, 31, '420', NULL, '2023-02-07'),
(31, 9, 32, '560', NULL, '2023-02-07'),
(32, 9, 33, '280', NULL, '2023-02-07'),
(33, 9, 34, '560', NULL, '2023-02-07'),
(34, 9, 35, '-1080', NULL, '2023-02-07'),
(35, 9, 36, '-640', NULL, '2023-02-07'),
(36, 9, 1, '0', NULL, '2023-02-07'),
(37, 9, 37, '120', NULL, '2023-02-07'),
(38, 9, 38, '110', NULL, '2023-02-07'),
(39, 9, 39, '0', NULL, '2023-02-14'),
(40, 9, 40, '0', NULL, '2023-02-14'),
(41, 9, 41, '0', NULL, '2023-02-14'),
(42, 9, 42, '0', NULL, '2023-02-14'),
(43, 9, 43, '3390', NULL, '2023-02-14'),
(44, 9, 44, '4390', NULL, '2023-02-14'),
(45, 9, 45, '0', NULL, '2023-02-14'),
(46, 9, 46, '6780', NULL, '2023-02-14'),
(47, 9, 47, '7780', NULL, '2023-02-14'),
(48, 9, 48, '0', NULL, '2023-02-14'),
(49, 9, 49, '0', NULL, '2023-02-14'),
(50, 9, 50, '140', NULL, '2023-02-14'),
(51, 9, 51, '4390', NULL, '2023-02-20'),
(52, 9, 52, '-29', NULL, '2023-02-20'),
(53, 9, 53, '4375.5', NULL, '2023-02-20'),
(54, 9, 2, '0', NULL, '2023-02-20'),
(55, 9, 3, '0', NULL, '2023-02-20'),
(56, 9, 54, '-14.5', NULL, '2023-03-02'),
(57, 9, 55, '4390', NULL, '2023-03-12'),
(58, 9, 56, '3390', NULL, '2023-03-13'),
(59, 9, 57, '6780', NULL, '2023-03-13'),
(60, 9, 58, '0', NULL, '2023-03-13'),
(61, 9, 59, '0', NULL, '2023-03-13');

-- --------------------------------------------------------

--
-- Table structure for table `geopos_milestones`
--

CREATE TABLE `geopos_milestones` (
  `id` int(11) NOT NULL,
  `pid` int(11) NOT NULL,
  `name` varchar(255) DEFAULT NULL,
  `sdate` date NOT NULL,
  `edate` date NOT NULL,
  `exp` text NOT NULL,
  `color` varchar(10) DEFAULT NULL
) ENGINE=InnoDB DEFAULT CHARSET=utf8 COLLATE=utf8_general_ci;

-- --------------------------------------------------------

--
-- Table structure for table `geopos_movers`
--

CREATE TABLE `geopos_movers` (
  `id` int(11) NOT NULL,
  `d_type` int(3) NOT NULL,
  `rid1` int(11) NOT NULL,
  `rid2` int(11) NOT NULL,
  `rid3` int(11) NOT NULL,
  `d_time` timestamp NOT NULL DEFAULT current_timestamp() ON UPDATE current_timestamp(),
  `note` varchar(100) DEFAULT NULL
) ENGINE=InnoDB DEFAULT CHARSET=utf8 COLLATE=utf8_general_ci;

--
-- Dumping data for table `geopos_movers`
--

INSERT INTO `geopos_movers` (`id`, `d_type`, `rid1`, `rid2`, `rid3`, `d_time`, `note`) VALUES
(1, 1, 1, 500, 0, '2023-02-04 22:14:38', 'Stock Initialized'),
(15, 1, 15, 500, 0, '2023-02-07 15:15:53', 'Stock Initialized'),
(16, 1, 16, 500, 0, '2023-02-07 15:56:34', 'Stock Initialized'),
(17, 1, 17, 500, 0, '2023-02-07 17:49:26', 'Stock Initialized'),
(18, 1, 18, 500, 0, '2023-02-07 18:16:03', 'Stock Initialized'),
(19, 1, 19, 500, 0, '2023-02-07 18:19:15', 'Stock Initialized'),
(20, 1, 20, 500, 0, '2023-02-16 23:44:46', 'Stock Initialized'),
(21, 1, 21, 50, 0, '2023-02-19 21:18:40', 'Stock Initialized'),
(22, 1, 22, 50, 0, '2023-02-19 21:24:40', 'Stock Initialized'),
(23, 1, 23, 50, 0, '2023-02-19 21:28:04', 'Stock Initialized'),
(24, 1, 24, 500, 0, '2023-02-20 14:06:34', 'Stock Initialized');

-- --------------------------------------------------------

--
-- Table structure for table `geopos_notes`
--

CREATE TABLE `geopos_notes` (
  `id` int(11) NOT NULL,
  `title` varchar(255) NOT NULL,
  `content` text DEFAULT NULL,
  `cdate` date NOT NULL,
  `last_edit` datetime NOT NULL DEFAULT current_timestamp(),
  `cid` int(11) NOT NULL DEFAULT 0,
  `fid` int(11) NOT NULL DEFAULT 0,
  `rid` int(11) NOT NULL DEFAULT 0,
  `ntype` int(2) NOT NULL DEFAULT 0
) ENGINE=InnoDB DEFAULT CHARSET=utf8 COLLATE=utf8_general_ci;

-- --------------------------------------------------------

--
-- Table structure for table `geopos_pms`
--

CREATE TABLE `geopos_pms` (
  `id` int(11) UNSIGNED NOT NULL,
  `sender_id` int(11) UNSIGNED NOT NULL,
  `receiver_id` int(11) UNSIGNED NOT NULL,
  `title` varchar(255) NOT NULL,
  `message` text DEFAULT NULL,
  `date_sent` datetime DEFAULT NULL,
  `date_read` datetime DEFAULT NULL,
  `pm_deleted_sender` int(1) NOT NULL,
  `pm_deleted_receiver` int(1) NOT NULL
) ENGINE=InnoDB DEFAULT CHARSET=utf8 COLLATE=utf8_general_ci;

-- --------------------------------------------------------

--
-- Table structure for table `geopos_premissions`
--

CREATE TABLE `geopos_premissions` (
  `id` int(11) NOT NULL,
  `module` enum('Sales','Stock','Crm','Project','Accounts','Miscellaneous','Employees','Assign Project','Customer Profile','Reports','Delete','POS','Sales Edit','Stock Edit') CHARACTER SET utf8 COLLATE utf8_general_ci NOT NULL,
  `r_1` int(1) NOT NULL,
  `r_2` int(1) NOT NULL,
  `r_3` int(1) NOT NULL,
  `r_4` int(1) NOT NULL,
  `r_5` int(1) NOT NULL,
  `r_6` int(1) NOT NULL,
  `r_7` int(1) NOT NULL,
  `r_8` int(1) NOT NULL
) ENGINE=InnoDB DEFAULT CHARSET=latin1 COLLATE=latin1_swedish_ci;

--
-- Dumping data for table `geopos_premissions`
--

INSERT INTO `geopos_premissions` (`id`, `module`, `r_1`, `r_2`, `r_3`, `r_4`, `r_5`, `r_6`, `r_7`, `r_8`) VALUES
(1, 'Sales', 0, 1, 1, 1, 1, 0, 0, 0),
(2, 'Stock', 1, 0, 1, 1, 1, 0, 0, 0),
(3, 'Crm', 0, 0, 1, 1, 1, 0, 0, 0),
(4, 'Project', 0, 0, 0, 1, 1, 1, 0, 0),
(5, 'Accounts', 0, 0, 0, 1, 1, 0, 0, 0),
(6, 'Miscellaneous', 0, 0, 0, 1, 1, 0, 0, 0),
(7, 'Assign Project', 0, 1, 0, 0, 1, 0, 0, 0),
(8, 'Customer Profile', 0, 0, 0, 0, 1, 0, 0, 0),
(9, 'Employees', 0, 0, 0, 0, 1, 0, 0, 0),
(10, 'Reports', 0, 0, 0, 1, 1, 0, 0, 0),
(11, 'Delete', 1, 1, 1, 1, 1, 1, 1, 1),
(12, 'POS', 1, 1, 1, 1, 1, 1, 1, 1),
(13, 'Sales Edit', 1, 1, 1, 1, 1, 1, 1, 1),
(14, 'Stock Edit', 1, 1, 1, 1, 1, 1, 1, 1);

-- --------------------------------------------------------

--
-- Table structure for table `geopos_products`
--

CREATE TABLE `geopos_products` (
  `pid` int(11) NOT NULL,
  `pcat` int(3) NOT NULL DEFAULT 1,
  `warehouse` int(11) NOT NULL DEFAULT 1,
  `product_name` varchar(80) NOT NULL,
  `product_code` varchar(30) DEFAULT NULL,
  `product_price` decimal(16,2) DEFAULT 0.00,
  `product_wholesale_price` decimal(16,2) DEFAULT 0.00,
  `fproduct_price` decimal(16,2) DEFAULT 0.00,
  `taxrate` decimal(16,2) DEFAULT 0.00,
  `disrate` decimal(16,2) DEFAULT 0.00,
  `qty` decimal(10,2) NOT NULL,
  `product_des` text DEFAULT NULL,
  `alert` int(11) DEFAULT NULL,
  `unit` varchar(4) DEFAULT NULL,
  `image` varchar(120) DEFAULT 'default.png',
  `barcode` varchar(40) DEFAULT NULL,
  `merge` int(2) NOT NULL,
  `sub` int(11) NOT NULL,
  `vb` int(11) NOT NULL,
  `expiry` date DEFAULT NULL,
  `code_type` varchar(8) DEFAULT 'EAN13',
  `sub_id` int(11) DEFAULT 0,
  `b_id` int(11) DEFAULT 0,
  `created_date` date NOT NULL DEFAULT current_timestamp()
) ENGINE=InnoDB DEFAULT CHARSET=utf8 COLLATE=utf8_general_ci;

--
-- Dumping data for table `geopos_products`
--

INSERT INTO `geopos_products` (`pid`, `pcat`, `warehouse`, `product_name`, `product_code`, `product_price`, `product_wholesale_price`, `fproduct_price`, `taxrate`, `disrate`, `qty`, `product_des`, `alert`, `unit`, `image`, `barcode`, `merge`, `sub`, `vb`, `expiry`, `code_type`, `sub_id`, `b_id`, `created_date`) VALUES
(1, 1, 1, 'Product A', 'P1', '300.00', '0.00', '300.00', '0.00', '0.00', '467.00', 'Testing', 5, '', 'default.png', '913721935235', 0, 0, 0, NULL, 'EAN13', 0, 0, '2023-02-01'),
(15, 1, 1, 'Product B', '1234', '3550.00', '0.00', '160.00', '0.00', '0.00', '503.00', '', 10, '', 'default.png', '591268903964', 0, 0, 0, NULL, 'EAN13', 0, 0, '2023-02-05'),
(16, 1, 1, 'Product C', '1234', '4550.00', '0.00', '160.00', '0.00', '0.00', '510.00', '', 10, '', 'default.png', '6903108500240', 0, 0, 0, NULL, 'EAN13', 0, 0, '2023-02-03'),
(17, 1, 1, 'Product D', '123456', '300.00', '250.00', '300.00', '0.00', '0.00', '479.00', '', 5, '', 'default.png', '6903108500249', 0, 0, 0, NULL, '  EAN13', 0, NULL, '2023-02-17'),
(19, 1, 1, 'Product F', '123456', '300.00', '230.00', '160.00', '5.00', '0.00', '478.00', 'testing', 5, '', 'default.png', '1561942682192', 0, 0, 0, NULL, '  EAN13', 0, NULL, '2023-02-17'),
(20, 1, 1, 'Product E', '123456', '600.00', '400.00', '300.00', '5.00', '0.00', '500.00', '', 0, '', 'default.png', '841149566268', 0, 0, 0, NULL, 'EAN13', 0, 0, '2023-02-17'),
(21, 2, 1, 'Tobacco', '001', '2.50', '0.34', '17.00', '0.00', '0.00', '47.00', '', 5, '', 'default.png', '245750807182', 0, 0, 0, NULL, 'EAN13', 0, 0, '2023-02-20'),
(22, 2, 1, 'Tobacco 2', '001', '2.50', '0.10', '17.00', '0.00', '0.00', '49.00', '', 0, 'kg', 'default.png', '989098056849', 0, 0, 0, NULL, '  EAN13', 0, NULL, '2023-02-20'),
(23, 2, 1, 'Tobacco 3', '003', '2.50', '1.50', '17.00', '0.00', '0.00', '50.00', '', 0, 'kg', 'default.png', '293946383353', 0, 0, 0, NULL, 'EAN13', 0, 0, '2023-02-20'),
(24, 2, 2, 'Product A', '001', '300.00', '200.00', '150.00', '0.00', '0.00', '500.00', '', 5, '', 'default.png', '664178939814', 0, 0, 0, NULL, 'EAN13', 0, 0, '2023-02-20');

-- --------------------------------------------------------

--
-- Table structure for table `geopos_product_cat`
--

CREATE TABLE `geopos_product_cat` (
  `id` int(3) NOT NULL,
  `title` varchar(100) NOT NULL,
  `extra` varchar(255) DEFAULT NULL,
  `c_type` int(2) DEFAULT 0,
  `rel_id` int(11) DEFAULT 0
) ENGINE=InnoDB DEFAULT CHARSET=utf8 COLLATE=utf8_general_ci;

--
-- Dumping data for table `geopos_product_cat`
--

INSERT INTO `geopos_product_cat` (`id`, `title`, `extra`, `c_type`, `rel_id`) VALUES
(1, 'General', 'General Cat', 0, 0),
(2, 'Hooka', 'Hooka', 0, 0);

-- --------------------------------------------------------

--
-- Table structure for table `geopos_product_serials`
--

CREATE TABLE `geopos_product_serials` (
  `id` int(11) NOT NULL,
  `product_id` int(11) NOT NULL,
  `serial` varchar(200) DEFAULT NULL,
  `status` tinyint(1) NOT NULL DEFAULT 0
) ENGINE=InnoDB DEFAULT CHARSET=latin1 COLLATE=latin1_swedish_ci;

-- --------------------------------------------------------

--
-- Table structure for table `geopos_projects`
--

CREATE TABLE `geopos_projects` (
  `id` int(11) NOT NULL,
  `p_id` varchar(20) NOT NULL,
  `name` varchar(255) DEFAULT NULL,
  `status` enum('Waiting','Pending','Terminated','Finished','Progress') NOT NULL DEFAULT 'Pending',
  `priority` enum('Low','Medium','High','Urgent') NOT NULL DEFAULT 'Medium',
  `progress` int(3) NOT NULL,
  `cid` int(11) NOT NULL,
  `sdate` date NOT NULL,
  `edate` date NOT NULL,
  `tag` varchar(255) DEFAULT NULL,
  `phase` varchar(255) DEFAULT NULL,
  `note` text DEFAULT NULL,
  `worth` decimal(16,2) NOT NULL DEFAULT 0.00,
  `ptype` int(1) NOT NULL
) ENGINE=InnoDB DEFAULT CHARSET=utf8 COLLATE=utf8_general_ci;

-- --------------------------------------------------------

--
-- Table structure for table `geopos_project_meta`
--

CREATE TABLE `geopos_project_meta` (
  `id` int(11) NOT NULL,
  `pid` int(11) NOT NULL,
  `meta_key` int(11) NOT NULL,
  `meta_data` varchar(200) DEFAULT NULL,
  `value` varchar(255) DEFAULT NULL,
  `key3` varchar(20) DEFAULT NULL,
  `key4` int(11) NOT NULL DEFAULT 0
) ENGINE=InnoDB DEFAULT CHARSET=utf8 COLLATE=utf8_general_ci;

-- --------------------------------------------------------

--
-- Table structure for table `geopos_promo`
--

CREATE TABLE `geopos_promo` (
  `id` int(11) NOT NULL,
  `code` varchar(15) NOT NULL,
  `amount` decimal(10,2) NOT NULL,
  `valid` date NOT NULL,
  `active` int(1) NOT NULL,
  `note` varchar(100) NOT NULL,
  `reflect` int(11) NOT NULL,
  `qty` int(11) NOT NULL,
  `available` int(11) NOT NULL,
  `location` int(1) NOT NULL
) ENGINE=InnoDB DEFAULT CHARSET=utf8 COLLATE=utf8_general_ci;

-- --------------------------------------------------------

--
-- Table structure for table `geopos_purchase`
--

CREATE TABLE `geopos_purchase` (
  `id` int(11) NOT NULL,
  `tid` int(11) NOT NULL,
  `invoicedate` date NOT NULL,
  `invoiceduedate` date NOT NULL,
  `subtotal` decimal(16,2) DEFAULT 0.00,
  `shipping` decimal(16,2) DEFAULT 0.00,
  `ship_tax` decimal(16,2) DEFAULT NULL,
  `ship_tax_type` enum('incl','excl','off') DEFAULT 'off',
  `discount` decimal(16,2) DEFAULT 0.00,
  `tax` decimal(16,2) DEFAULT 0.00,
  `total` decimal(16,2) DEFAULT 0.00,
  `pmethod` varchar(14) DEFAULT NULL,
  `notes` varchar(255) DEFAULT NULL,
  `status` enum('paid','due','canceled','partial') DEFAULT 'due',
  `csd` int(5) NOT NULL DEFAULT 0,
  `eid` int(4) NOT NULL,
  `pamnt` decimal(16,2) DEFAULT 0.00,
  `items` decimal(10,2) NOT NULL,
  `taxstatus` enum('yes','no','incl','cgst','igst') DEFAULT 'yes',
  `discstatus` tinyint(1) NOT NULL,
  `format_discount` enum('%','flat','b_p','bflat') DEFAULT NULL,
  `refer` varchar(20) DEFAULT NULL,
  `term` int(3) NOT NULL,
  `loc` int(4) NOT NULL,
  `multi` int(11) DEFAULT NULL
) ENGINE=InnoDB DEFAULT CHARSET=utf8 COLLATE=utf8_general_ci;

--
-- Dumping data for table `geopos_purchase`
--

INSERT INTO `geopos_purchase` (`id`, `tid`, `invoicedate`, `invoiceduedate`, `subtotal`, `shipping`, `ship_tax`, `ship_tax_type`, `discount`, `tax`, `total`, `pmethod`, `notes`, `status`, `csd`, `eid`, `pamnt`, `items`, `taxstatus`, `discstatus`, `format_discount`, `refer`, `term`, `loc`, `multi`) VALUES
(1, 1001, '2023-02-16', '2023-02-16', '1500.00', '0.00', '0.00', 'incl', '0.00', '0.00', '1500.00', NULL, '', 'due', 1, 15, '0.00', '5.00', 'yes', 1, '%', '10001001', 1, 0, NULL),
(2, 1002, '2023-02-17', '2023-02-17', '1600.00', '0.00', '0.00', 'incl', '0.00', '0.00', '1600.00', NULL, '', 'due', 1, 15, '0.00', '10.00', 'yes', 1, '%', '10002002', 1, 0, NULL),
(3, 1003, '2023-02-17', '2023-02-17', '2400.00', '0.00', '0.00', 'incl', '0.00', '0.00', '2400.00', NULL, '', 'due', 1, 15, '0.00', '15.00', 'yes', 1, '%', '10003003', 1, 0, NULL),
(4, 1004, '2023-02-17', '2023-02-17', '840.00', '0.00', '0.00', 'incl', '0.00', '40.00', '840.00', NULL, '', 'due', 1, 15, '0.00', '5.00', 'yes', 1, '%', '10004004', 1, 0, NULL),
(5, 1005, '2023-02-17', '2023-02-17', '168.00', '0.00', '0.00', 'incl', '0.00', '8.00', '168.00', NULL, '', 'due', 1, 15, '0.00', '1.00', 'yes', 1, '%', '', 1, 0, NULL),
(6, 1006, '2023-03-13', '2023-03-13', '2100.00', '0.00', '0.00', 'incl', '0.00', '0.00', '2100.00', NULL, '', 'due', 2, 15, '0.00', '7.00', 'yes', 1, '%', '', 1, 0, NULL);

-- --------------------------------------------------------

--
-- Table structure for table `geopos_purchase_items`
--

CREATE TABLE `geopos_purchase_items` (
  `id` int(11) NOT NULL,
  `tid` int(11) NOT NULL,
  `pid` int(11) NOT NULL,
  `product` varchar(255) DEFAULT NULL,
  `code` varchar(20) DEFAULT NULL,
  `qty` decimal(10,2) NOT NULL,
  `price` decimal(16,2) DEFAULT 0.00,
  `tax` decimal(16,2) DEFAULT 0.00,
  `discount` decimal(16,2) DEFAULT 0.00,
  `subtotal` decimal(16,2) DEFAULT 0.00,
  `totaltax` decimal(16,2) DEFAULT 0.00,
  `totaldiscount` decimal(16,2) DEFAULT 0.00,
  `product_des` text DEFAULT NULL,
  `unit` varchar(5) DEFAULT NULL
) ENGINE=InnoDB DEFAULT CHARSET=utf8 COLLATE=utf8_general_ci;

--
-- Dumping data for table `geopos_purchase_items`
--

INSERT INTO `geopos_purchase_items` (`id`, `tid`, `pid`, `product`, `code`, `qty`, `price`, `tax`, `discount`, `subtotal`, `totaltax`, `totaldiscount`, `product_des`, `unit`) VALUES
(1, 1, 1, 'Product A', 'P1', '5.00', '300.00', '0.00', '0.00', '1500.00', '0.00', '0.00', 'Testing', ''),
(2, 2, 15, 'Product B', '1234', '10.00', '160.00', '0.00', '0.00', '1600.00', '0.00', '0.00', '', ''),
(3, 3, 16, 'Product C', '1234', '15.00', '160.00', '0.00', '0.00', '2400.00', '0.00', '0.00', '', ''),
(5, 5, 19, 'Product F', '123456', '1.00', '160.00', '5.00', '0.00', '168.00', '8.00', '0.00', 'testing', ''),
(6, 6, 1, 'Product A', 'P1', '7.00', '300.00', '0.00', '0.00', '2100.00', '0.00', '0.00', 'Testing', '');

-- --------------------------------------------------------

--
-- Table structure for table `geopos_quotes`
--

CREATE TABLE `geopos_quotes` (
  `id` int(11) NOT NULL,
  `tid` int(11) NOT NULL,
  `invoicedate` date NOT NULL,
  `invoiceduedate` date NOT NULL,
  `subtotal` decimal(16,2) DEFAULT 0.00,
  `shipping` decimal(16,2) DEFAULT 0.00,
  `ship_tax` decimal(16,2) DEFAULT NULL,
  `ship_tax_type` enum('incl','excl','off') DEFAULT 'off',
  `discount` decimal(16,2) DEFAULT 0.00,
  `tax` decimal(16,2) DEFAULT 0.00,
  `total` decimal(16,2) DEFAULT 0.00,
  `pmethod` varchar(14) DEFAULT NULL,
  `notes` varchar(255) DEFAULT NULL,
  `status` enum('pending','accepted','rejected','customer_approved') DEFAULT 'pending',
  `csd` int(5) NOT NULL DEFAULT 0,
  `eid` int(4) NOT NULL,
  `pamnt` decimal(16,2) NOT NULL,
  `items` decimal(10,2) NOT NULL,
  `taxstatus` enum('yes','no','incl','cgst','igst') DEFAULT 'yes',
  `discstatus` tinyint(1) NOT NULL,
  `format_discount` enum('%','flat','b_p','bflat') DEFAULT '%',
  `refer` varchar(20) DEFAULT NULL,
  `term` int(3) NOT NULL,
  `proposal` text DEFAULT NULL,
  `multi` int(4) DEFAULT NULL,
  `loc` int(4) NOT NULL
) ENGINE=InnoDB DEFAULT CHARSET=utf8 COLLATE=utf8_general_ci;

-- --------------------------------------------------------

--
-- Table structure for table `geopos_quotes_items`
--

CREATE TABLE `geopos_quotes_items` (
  `id` int(11) NOT NULL,
  `tid` int(11) NOT NULL,
  `pid` int(11) NOT NULL,
  `product` varchar(255) DEFAULT NULL,
  `code` varchar(20) DEFAULT NULL,
  `qty` decimal(16,2) NOT NULL,
  `price` decimal(16,2) DEFAULT 0.00,
  `tax` decimal(16,2) DEFAULT 0.00,
  `discount` decimal(16,2) DEFAULT 0.00,
  `subtotal` decimal(16,2) DEFAULT 0.00,
  `totaltax` decimal(16,2) DEFAULT 0.00,
  `totaldiscount` decimal(16,2) DEFAULT 0.00,
  `product_des` text DEFAULT NULL,
  `unit` varchar(5) NOT NULL
) ENGINE=InnoDB DEFAULT CHARSET=utf8 COLLATE=utf8_general_ci;

-- --------------------------------------------------------

--
-- Table structure for table `geopos_register`
--

CREATE TABLE `geopos_register` (
  `id` int(11) NOT NULL,
  `uid` int(11) NOT NULL,
  `o_date` datetime NOT NULL,
  `c_date` datetime NOT NULL,
  `cash` decimal(16,2) NOT NULL,
  `card` decimal(16,2) NOT NULL,
  `bank` decimal(16,2) NOT NULL,
  `cheque` decimal(16,2) NOT NULL,
  `r_change` decimal(16,2) NOT NULL,
  `active` int(1) NOT NULL DEFAULT 0
) ENGINE=InnoDB DEFAULT CHARSET=utf8 COLLATE=utf8_general_ci;

--
-- Dumping data for table `geopos_register`
--

INSERT INTO `geopos_register` (`id`, `uid`, `o_date`, `c_date`, `cash`, `card`, `bank`, `cheque`, `r_change`, `active`) VALUES
(2, 15, '2023-02-05 00:51:27', '0000-00-00 00:00:00', '63085.00', '6000.00', '0.00', '0.00', '0.00', 1);

-- --------------------------------------------------------

--
-- Table structure for table `geopos_reports`
--

CREATE TABLE `geopos_reports` (
  `id` int(11) NOT NULL,
  `month` varchar(10) DEFAULT NULL,
  `year` int(4) NOT NULL,
  `invoices` int(11) NOT NULL,
  `sales` decimal(16,2) DEFAULT 0.00,
  `items` decimal(10,2) NOT NULL,
  `income` decimal(16,2) DEFAULT 0.00,
  `expense` decimal(16,2) DEFAULT 0.00
) ENGINE=InnoDB DEFAULT CHARSET=utf8 COLLATE=utf8_general_ci;

-- --------------------------------------------------------

--
-- Table structure for table `geopos_restkeys`
--

CREATE TABLE `geopos_restkeys` (
  `id` int(11) NOT NULL,
  `user_id` int(11) NOT NULL,
  `key` varchar(40) DEFAULT NULL,
  `level` int(2) NOT NULL,
  `ignore_limits` tinyint(1) NOT NULL DEFAULT 0,
  `is_private_key` tinyint(1) NOT NULL DEFAULT 0,
  `ip_addresses` text DEFAULT NULL,
  `date_created` date NOT NULL
) ENGINE=InnoDB DEFAULT CHARSET=utf8 COLLATE=utf8_general_ci;

-- --------------------------------------------------------

--
-- Table structure for table `geopos_smtp`
--

CREATE TABLE `geopos_smtp` (
  `id` int(11) NOT NULL,
  `host` varchar(100) NOT NULL,
  `port` int(11) NOT NULL,
  `auth` enum('true','false') NOT NULL,
  `auth_type` enum('none','tls','ssl') NOT NULL,
  `username` varchar(100) NOT NULL,
  `password` varchar(50) NOT NULL,
  `sender` varchar(100) NOT NULL
) ENGINE=InnoDB DEFAULT CHARSET=utf8 COLLATE=utf8_general_ci;

--
-- Dumping data for table `geopos_smtp`
--

INSERT INTO `geopos_smtp` (`id`, `host`, `port`, `auth`, `auth_type`, `username`, `password`, `sender`) VALUES
(1, 'smtp.com', 587, 'true', 'none', 'support@example.com', '123456', 'support@example.com');

-- --------------------------------------------------------

--
-- Table structure for table `geopos_stock_r`
--

CREATE TABLE `geopos_stock_r` (
  `id` int(11) NOT NULL,
  `tid` int(8) NOT NULL,
  `invoicedate` date NOT NULL,
  `invoiceduedate` date NOT NULL,
  `subtotal` decimal(16,2) DEFAULT 0.00,
  `shipping` decimal(16,2) DEFAULT 0.00,
  `ship_tax` decimal(16,2) DEFAULT NULL,
  `ship_tax_type` enum('incl','excl','off') DEFAULT 'off',
  `discount` decimal(16,2) DEFAULT 0.00,
  `tax` decimal(16,2) DEFAULT 0.00,
  `total` decimal(16,2) DEFAULT 0.00,
  `pmethod` varchar(14) DEFAULT NULL,
  `notes` varchar(255) DEFAULT NULL,
  `status` enum('pending','accepted','rejected','partial','canceled') DEFAULT 'pending',
  `csd` int(5) NOT NULL DEFAULT 0,
  `eid` int(4) NOT NULL,
  `pamnt` decimal(16,2) DEFAULT 0.00,
  `items` decimal(10,0) NOT NULL,
  `taxstatus` enum('yes','no','incl','cgst','igst') DEFAULT 'yes',
  `discstatus` tinyint(1) NOT NULL,
  `format_discount` enum('%','flat','bflat','b_p') DEFAULT NULL,
  `refer` varchar(20) DEFAULT NULL,
  `term` int(3) NOT NULL,
  `loc` int(4) NOT NULL,
  `i_class` int(1) NOT NULL DEFAULT 0,
  `multi` int(11) NOT NULL DEFAULT 0
) ENGINE=InnoDB DEFAULT CHARSET=utf8 COLLATE=utf8_general_ci;

-- --------------------------------------------------------

--
-- Table structure for table `geopos_stock_r_items`
--

CREATE TABLE `geopos_stock_r_items` (
  `id` int(11) NOT NULL,
  `tid` int(11) NOT NULL,
  `pid` int(11) NOT NULL,
  `product` varchar(255) DEFAULT NULL,
  `code` varchar(20) DEFAULT NULL,
  `qty` decimal(10,2) NOT NULL,
  `price` decimal(16,2) DEFAULT 0.00,
  `tax` decimal(16,2) DEFAULT 0.00,
  `discount` decimal(16,2) DEFAULT 0.00,
  `subtotal` decimal(16,2) DEFAULT 0.00,
  `totaltax` decimal(16,2) DEFAULT 0.00,
  `totaldiscount` decimal(16,2) DEFAULT 0.00,
  `product_des` text DEFAULT NULL,
  `unit` varchar(5) DEFAULT NULL
) ENGINE=InnoDB DEFAULT CHARSET=utf8 COLLATE=utf8_general_ci;

-- --------------------------------------------------------

--
-- Table structure for table `geopos_supplier`
--

CREATE TABLE `geopos_supplier` (
  `id` int(10) UNSIGNED NOT NULL,
  `name` varchar(50) NOT NULL,
  `phone` varchar(20) DEFAULT NULL,
  `address` varchar(50) DEFAULT NULL,
  `city` varchar(50) DEFAULT NULL,
  `region` varchar(30) DEFAULT NULL,
  `country` varchar(50) DEFAULT NULL,
  `postbox` varchar(20) DEFAULT NULL,
  `email` varchar(60) DEFAULT NULL,
  `picture` varchar(100) NOT NULL DEFAULT 'example.png',
  `gid` int(5) NOT NULL DEFAULT 1,
  `company` varchar(100) DEFAULT NULL,
  `taxid` varchar(100) DEFAULT NULL,
  `loc` int(11) NOT NULL
) ENGINE=InnoDB DEFAULT CHARSET=utf8 COLLATE=utf8_general_ci;

--
-- Dumping data for table `geopos_supplier`
--

INSERT INTO `geopos_supplier` (`id`, `name`, `phone`, `address`, `city`, `region`, `country`, `postbox`, `email`, `picture`, `gid`, `company`, `taxid`, `loc`) VALUES
(1, 'Sufyan Naveed', '03040944647', 'ISE tower, Blue Area, Jinnah Ave. Islamabad', 'Islamabad', 'Federal', 'Pakistan', '46000', 'sufyannaveed28@gmail.com', 'example.png', 1, NULL, 'test', 0),
(2, 'sufyan', '', '', '', '', '', '', 'abc@gmail.com', 'example.png', 1, NULL, '', 0);

-- --------------------------------------------------------

--
-- Table structure for table `geopos_system`
--

CREATE TABLE `geopos_system` (
  `id` int(1) NOT NULL,
  `cname` char(50) NOT NULL,
  `address` varchar(255) NOT NULL,
  `city` varchar(30) NOT NULL,
  `region` varchar(40) NOT NULL,
  `country` varchar(30) NOT NULL,
  `postbox` varchar(15) NOT NULL,
  `phone` varchar(20) NOT NULL,
  `email` varchar(40) NOT NULL,
  `taxid` varchar(20) NOT NULL,
  `tax` int(11) NOT NULL,
  `currency` varchar(4) CHARACTER SET utf8 COLLATE utf8_swedish_ci NOT NULL,
  `currency_format` int(1) NOT NULL,
  `prefix` varchar(5) NOT NULL,
  `dformat` int(1) NOT NULL,
  `zone` varchar(25) NOT NULL,
  `logo` varchar(30) NOT NULL,
  `lang` varchar(20) DEFAULT 'english',
  `foundation` date DEFAULT NULL
) ENGINE=InnoDB DEFAULT CHARSET=utf8 COLLATE=utf8_general_ci;

--
-- Dumping data for table `geopos_system`
--

INSERT INTO `geopos_system` (`id`, `cname`, `address`, `city`, `region`, `country`, `postbox`, `phone`, `email`, `taxid`, `tax`, `currency`, `currency_format`, `prefix`, `dformat`, `zone`, `logo`, `lang`, `foundation`) VALUES
(1, 'ABC Company', '412 Example South Street,', 'Los Angeles', 'FL', 'USA', '123', '410-987-89-60', 'support@ultimatekode.com', '23442', -1, '$', 0, 'SRN', 2, 'Asia/Karachi', 'logo.png', 'english', NULL);

-- --------------------------------------------------------

--
-- Table structure for table `geopos_terms`
--

CREATE TABLE `geopos_terms` (
  `id` int(4) NOT NULL,
  `title` varchar(100) NOT NULL,
  `type` int(1) NOT NULL,
  `terms` text NOT NULL
) ENGINE=InnoDB DEFAULT CHARSET=utf8 COLLATE=utf8_general_ci;

--
-- Dumping data for table `geopos_terms`
--

INSERT INTO `geopos_terms` (`id`, `title`, `type`, `terms`) VALUES
(1, 'Payment On Receipt', 0, '<p>1. 10% discount if payment received within ten days otherwise payment 30 days\n            after invoice date<br></p>');

-- --------------------------------------------------------

--
-- Table structure for table `geopos_tickets`
--

CREATE TABLE `geopos_tickets` (
  `id` int(11) NOT NULL,
  `subject` varchar(255) NOT NULL,
  `created` datetime NOT NULL,
  `cid` int(11) NOT NULL,
  `status` enum('Solved','Processing','Waiting') NOT NULL,
  `section` varchar(11) DEFAULT NULL
) ENGINE=InnoDB DEFAULT CHARSET=utf8 COLLATE=utf8_general_ci;

-- --------------------------------------------------------

--
-- Table structure for table `geopos_tickets_th`
--

CREATE TABLE `geopos_tickets_th` (
  `id` int(11) NOT NULL,
  `tid` int(11) NOT NULL,
  `message` text DEFAULT NULL,
  `cid` int(11) NOT NULL,
  `eid` int(11) NOT NULL,
  `cdate` datetime NOT NULL,
  `attach` varchar(255) NOT NULL
) ENGINE=InnoDB DEFAULT CHARSET=utf8 COLLATE=utf8_general_ci;

-- --------------------------------------------------------

--
-- Table structure for table `geopos_todolist`
--

CREATE TABLE `geopos_todolist` (
  `id` int(11) NOT NULL,
  `tdate` date NOT NULL,
  `name` varchar(100) DEFAULT NULL,
  `status` enum('Due','Done','Progress') NOT NULL DEFAULT 'Due',
  `start` date NOT NULL,
  `duedate` date NOT NULL,
  `description` text DEFAULT NULL,
  `eid` int(11) NOT NULL,
  `aid` int(11) NOT NULL,
  `related` int(11) NOT NULL,
  `priority` enum('Low','Medium','High','Urgent') NOT NULL,
  `rid` int(11) NOT NULL
) ENGINE=InnoDB DEFAULT CHARSET=utf8 COLLATE=utf8_general_ci;

-- --------------------------------------------------------

--
-- Table structure for table `geopos_transactions`
--

CREATE TABLE `geopos_transactions` (
  `id` int(11) NOT NULL,
  `acid` int(11) NOT NULL,
  `account` varchar(200) NOT NULL,
  `type` enum('Income','Expense','Transfer') NOT NULL,
  `cat` varchar(200) NOT NULL,
  `debit` decimal(16,2) DEFAULT 0.00,
  `credit` decimal(16,2) DEFAULT 0.00,
  `payer` varchar(200) DEFAULT NULL,
  `payerid` int(11) NOT NULL DEFAULT 0,
  `method` varchar(200) DEFAULT NULL,
  `date` timestamp NOT NULL DEFAULT current_timestamp(),
  `tid` int(11) NOT NULL DEFAULT 0,
  `eid` int(11) NOT NULL,
  `note` varchar(255) DEFAULT NULL,
  `ext` int(1) DEFAULT 0,
  `loc` int(4) NOT NULL
) ENGINE=InnoDB DEFAULT CHARSET=utf8 COLLATE=utf8_general_ci;

--
-- Dumping data for table `geopos_transactions`
--

INSERT INTO `geopos_transactions` (`id`, `acid`, `account`, `type`, `cat`, `debit`, `credit`, `payer`, `payerid`, `method`, `date`, `tid`, `eid`, `note`, `ext`, `loc`) VALUES
(51, 1, 'Sales Account', 'Income', 'Sales', '0.00', '8400.00', 'Walk-in Client', 1, 'Cash', '2023-02-13 19:00:00', 47, 17, '#1001-Cash', 0, 0),
(52, 1, 'Sales Account', 'Income', 'Sales', '0.00', '100.00', 'Walk-in Client', 1, 'Cash', '2023-02-13 19:00:00', 48, 17, '#1002-Cash', 0, 0),
(53, 1, 'Sales Account', 'Income', 'Sales', '0.00', '500.00', 'Walk-in Client', 1, 'Card Swipe', '2023-02-13 19:00:00', 48, 17, '#1002-Card Swipe', 0, 0),
(54, 1, 'Sales Account', 'Income', 'Sales', '0.00', '600.00', 'Walk-in Client', 1, 'Cash', '2023-02-13 19:00:00', 49, 17, '#1003-Cash', 0, 0),
(55, 1, 'Sales Account', 'Income', 'Sales', '0.00', '15.00', 'Walk-in Client', 1, 'Cash', '2023-02-13 19:00:00', 50, 17, '#1004-Cash', 0, 0),
(56, 1, 'Sales Account', 'Income', 'Sales', '0.00', '300.00', 'Walk-in Client', 1, 'Card Swipe', '2023-02-13 19:00:00', 50, 17, '#1004-Card Swipe', 0, 0),
(58, 1, 'Sales Account', 'Income', 'Sales', '0.00', '4850.00', 'Walk-in Client', 1, 'Cash', '2023-02-19 19:00:00', 51, 17, '#1005-Cash', 0, 0),
(59, 1, 'Sales Account', 'Income', 'Sales', '0.00', '5.00', 'Walk-in Client', 1, 'Cash', '2023-02-19 19:00:00', 52, 17, '#1006-Cash', 0, 0),
(60, 1, 'Sales Account', 'Income', 'Sales', '0.00', '4852.50', 'Walk-in Client', 1, 'Cash', '2023-02-19 19:00:00', 53, 17, '#1007-Cash', 0, 0),
(61, 1, 'Sales Account', 'Income', 'Income', '0.00', '25.00', 'Mr Alaa', 0, 'Cash', '2023-02-26 19:00:00', 0, 15, '25 extra', 0, 0),
(62, 1, 'Sales Account', 'Income', 'Income', '0.00', '35.00', 'Mr Alaa', 0, 'Cash', '2023-02-26 19:00:00', 0, 15, '', 0, 0),
(63, 1, 'Sales Account', 'Income', 'Income', '0.00', '5000.00', 'Mr Alaa', 0, 'Cash', '2023-02-26 19:00:00', 0, 15, '', 0, 0),
(64, 1, 'Sales Account', 'Income', 'Income', '0.00', '300.00', 'Mr Alaa', 0, 'Cash', '2023-02-26 19:00:00', 0, 15, '', 0, 0),
(65, 1, 'Sales Account', 'Income', 'Income', '0.00', '600.00', 'Mr Alaa', 0, 'Cash', '2023-02-26 19:00:00', 0, 15, '', 0, 0),
(66, 1, 'Sales Account', 'Income', 'Income', '0.00', '600.00', 'Mr Alaa', 0, 'Cash', '2023-02-26 19:00:00', 0, 15, '', 0, 0),
(67, 1, 'Sales Account', 'Income', 'Income', '0.00', '500.00', 'Mr Alaa', 0, 'Cash', '2023-02-26 19:00:00', 0, 15, '', 0, 0),
(68, 1, 'Sales Account', 'Income', 'Income', '0.00', '600.00', 'Mr Alaa', 0, 'Cash', '2023-02-26 19:00:00', 0, 15, '', 0, 0),
(69, 1, 'Sales Account', 'Income', 'Sales', '0.00', '302.50', 'Walk-in Client', 1, 'Cash', '2023-03-01 19:00:00', 54, 17, '#1008-Cash', 0, 0),
(70, 1, 'Sales Account', 'Income', 'Sales', '0.00', '4850.00', 'Walk-in Client', 1, 'Cash', '2023-03-11 19:00:00', 55, 19, '#1009-Cash', 0, 0),
(71, 1, 'Sales Account', 'Income', 'Sales', '0.00', '3850.00', 'Walk-in Client', 1, 'Cash', '2023-03-12 19:00:00', 56, 17, '#1010-Cash', 0, 0),
(72, 1, 'Sales Account', 'Income', 'Sales', '0.00', '7100.00', 'Walk-in Client', 1, 'Cash', '2023-03-12 19:00:00', 57, 17, '#1011-Cash', 0, 0),
(73, 1, 'Sales Account', 'Income', 'Sales', '0.00', '600.00', 'Walk-in Client', 1, 'Cash', '2023-03-12 19:00:00', 58, 19, '#1012-Cash', 0, 0),
(74, 1, 'Sales Account', 'Income', 'Sales', '0.00', '300.00', 'Walk-in Client', 1, 'Cash', '2023-03-12 19:00:00', 59, 19, '#1013-Cash', 0, 0);

-- --------------------------------------------------------

--
-- Table structure for table `geopos_trans_cat`
--

CREATE TABLE `geopos_trans_cat` (
  `id` int(11) NOT NULL,
  `name` varchar(25) NOT NULL
) ENGINE=InnoDB DEFAULT CHARSET=utf8 COLLATE=utf8_general_ci;

--
-- Dumping data for table `geopos_trans_cat`
--

INSERT INTO `geopos_trans_cat` (`id`, `name`) VALUES
(1, 'Income'),
(2, 'Expenses'),
(3, 'Other');

-- --------------------------------------------------------

--
-- Table structure for table `geopos_units`
--

CREATE TABLE `geopos_units` (
  `id` int(11) NOT NULL,
  `name` varchar(20) NOT NULL,
  `code` varchar(5) NOT NULL,
  `type` int(1) NOT NULL,
  `sub` int(1) NOT NULL,
  `rid` int(11) NOT NULL
) ENGINE=InnoDB DEFAULT CHARSET=utf8 COLLATE=utf8_general_ci;

--
-- Dumping data for table `geopos_units`
--

INSERT INTO `geopos_units` (`id`, `name`, `code`, `type`, `sub`, `rid`) VALUES
(1, 'Per kG', 'kg', 0, 0, 0);

-- --------------------------------------------------------

--
-- Table structure for table `geopos_users`
--

CREATE TABLE `geopos_users` (
  `id` int(11) UNSIGNED NOT NULL,
  `email` varchar(100) NOT NULL,
  `pass` varchar(64) NOT NULL,
  `username` varchar(100) DEFAULT NULL,
  `banned` tinyint(1) DEFAULT 0,
  `last_login` datetime DEFAULT NULL,
  `last_activity` datetime DEFAULT NULL,
  `date_created` datetime DEFAULT NULL,
  `forgot_exp` text DEFAULT NULL,
  `remember_time` datetime DEFAULT NULL,
  `remember_exp` text DEFAULT NULL,
  `verification_code` text DEFAULT NULL,
  `totp_secret` varchar(16) DEFAULT NULL,
  `ip_address` text DEFAULT NULL,
  `roleid` int(1) NOT NULL,
  `picture` varchar(50) DEFAULT NULL,
  `loc` int(11) NOT NULL,
  `lang` char(15) NOT NULL DEFAULT 'english'
) ENGINE=InnoDB DEFAULT CHARSET=utf8 COLLATE=utf8_general_ci;

--
-- Dumping data for table `geopos_users`
--

INSERT INTO `geopos_users` (`id`, `email`, `pass`, `username`, `banned`, `last_login`, `last_activity`, `date_created`, `forgot_exp`, `remember_time`, `remember_exp`, `verification_code`, `totp_secret`, `ip_address`, `roleid`, `picture`, `loc`, `lang`) VALUES
(15, 'admin@admin.com', '196075d3b960128ae4a5cf79596d3d06ed482c5535c813ec0c7dbc2e6be032be', 'admin', 0, '2023-03-12 23:34:09', '2023-03-12 23:34:09', '2023-01-11 19:02:18', NULL, '2023-02-19 00:00:00', 'bkNAI62gTpHqKfBi', '', NULL, '::1', 5, 'example.png', 0, 'english'),
(17, 'c22@yopmail.com', '1cb4df1f9cc3eff69f9fa98a554c0cac43000c0fa999e7e51bd80fc23ab644a1', 'c222', 0, NULL, NULL, '2023-02-14 19:53:12', NULL, NULL, NULL, NULL, NULL, NULL, 2, 'example.png', 0, 'english'),
(19, 'testing@gmail.com', '42ed0e47de05a088ae5285d52a55f453d226953c47bd1ed03ff6a6bfb3a7d2e6', 'Testing', 0, NULL, NULL, '2023-02-26 17:03:38', NULL, NULL, NULL, NULL, NULL, NULL, 2, 'example.png', 0, 'english');

-- --------------------------------------------------------

--
-- Table structure for table `geopos_warehouse`
--

CREATE TABLE `geopos_warehouse` (
  `id` int(3) NOT NULL,
  `title` varchar(100) NOT NULL,
  `extra` varchar(255) DEFAULT NULL,
  `loc` int(4) DEFAULT 0
) ENGINE=InnoDB DEFAULT CHARSET=utf8 COLLATE=utf8_general_ci;

--
-- Dumping data for table `geopos_warehouse`
--

INSERT INTO `geopos_warehouse` (`id`, `title`, `extra`, `loc`) VALUES
(1, 'Main WareHouse', 'The Main WareHouse', 0),
(2, 'Sufy', 'dd', 1);

-- --------------------------------------------------------

--
-- Table structure for table `univarsal_api`
--

CREATE TABLE `univarsal_api` (
  `id` int(11) NOT NULL,
  `name` varchar(100) DEFAULT NULL,
  `key1` varchar(255) DEFAULT NULL,
  `key2` varchar(255) DEFAULT NULL,
  `url` varchar(255) DEFAULT NULL,
  `method` varchar(10) DEFAULT NULL,
  `other` text DEFAULT NULL,
  `active` int(11) DEFAULT NULL
) ENGINE=InnoDB DEFAULT CHARSET=utf8 COLLATE=utf8_general_ci;

--
-- Dumping data for table `univarsal_api`
--

INSERT INTO `univarsal_api` (`id`, `name`, `key1`, `key2`, `url`, `method`, `other`, `active`) VALUES
(1, 'Goo.gl URL Shortner', 'yourkey', '0', '0', '0', '0', 0),
(2, 'Twilio SMS API', 'ac', 'key', '+11234567', '0', '0', 1),
(3, 'Company Support', '1', '1', 'support@gmail.com', NULL, '<p>Your footer</p>', 1),
(4, 'Currency', '.', ',', '2', 'l', NULL, NULL),
(5, 'Exchange', 'key1v', 'key2', 'USD', NULL, NULL, 0),
(6, 'New Invoice Notification', '[{Company}] Invoice #{BillNumber} Generated', NULL, NULL, NULL, '<p>Dear\n            Client,\r\n</p><p>We are contacting you in regard to a payment received for invoice # {BillNumber} that has\n            been created on your account. You may find the invoice with below link.\r\n\r\nView\n            Invoice\r\n{URL}\r\n\r\nWe look forward to conducting future business with you.\r\n\r\nKind\n            Regards,\r\nTeam\r\n{CompanyDetails}</p>', NULL),
(7, 'Invoice Payment Reminder', '[{Company}] Invoice #{BillNumber} Payment Reminder', NULL, NULL, NULL, '<p>Dear\n            Client,</p><p>We are contacting you in regard to a payment reminder of invoice # {BillNumber} that has been\n            created on your account. You may find the invoice with below link. Please pay the balance of {Amount} due by\n            {DueDate}.</p><p>\r\n\r\n<b>View Invoice</b></p><p><span style=\"font-size: 1rem;\">{URL}\r\n</span></p><p>\n            <span style=\"font-size: 1rem;\">\r\nWe look forward to conducting future business with you.</span></p><p>\n            <span style=\"font-size: 1rem;\">\r\n\r\nKind Regards,\r\n</span></p><p><span style=\"font-size: 1rem;\">\r\nTeam\r\n</span>\n        </p><p><span style=\"font-size: 1rem;\">\r\n{CompanyDetails}</span></p>', NULL),
(8, 'Invoice Refund Proceeded', '{Company} Invoice #{BillNumber} Refund Proceeded', NULL, NULL, NULL, '<p>Dear\n            Client,</p><p>\r\nWe are contacting you in regard to a refund request processed for invoice # {BillNumber}\n            that has been created on your account. You may find the invoice with below link. Please pay the balance of\n            {Amount} by {DueDate}.\r\n</p><p>\r\nView Invoice\r\n</p><p>{URL}\r\n</p><p>\r\nWe look forward to\n            conducting future business with you.\r\n</p><p>\r\nKind Regards,\r\n</p><p>\n            \r\nTeam\r\n\r\n{CompanyDetails}</p>', NULL),
(9, 'Invoice payment Received', '{Company} Payment Received for Invoice #{BillNumber}', NULL, NULL, NULL, '<p>\n            Dear Client,\r\n</p><p>We are contacting you in regard to a payment received for invoice # {BillNumber} that\n            has been created on your account. You can find the invoice with below link.\r\n</p><p>\r\nView Invoice</p>\n        <p>\r\n{URL}\r\n</p><p>\r\nWe look forward to conducting future business with you.\r\n</p><p>\r\nKind\n            Regards,\r\n</p><p>\r\nTeam\r\n</p><p>\r\n{CompanyDetails}</p>', NULL),
(10, 'Invoice Overdue Notice', '{Company} Invoice #{BillNumber} Generated for you', NULL, NULL, NULL, '<p>Dear\n            Client,</p><p>\r\nWe are contacting you in regard to an Overdue Notice for invoice # {BillNumber} that has\n            been created on your account. You may find the invoice with below link.\r\nPlease pay the balance of\n            {Amount} due by {DueDate}.\r\n</p><p>View Invoice\r\n</p><p>{URL}\r\n</p><p>\r\nWe look forward to\n            conducting future business with you.\r\n</p><p>\r\nKind Regards,\r\n</p><p>\r\nTeam</p><p>\n            \r\n\r\n{CompanyDetails}</p>', NULL),
(11, 'Quote Proposal', '{Company} Quote #{BillNumber} Generated for you', NULL, NULL, NULL, '<p>Dear Client,</p>\n        <p>\r\nWe are contacting you in regard to a new quote # {BillNumber} that has been created on your account. You\n            may find the quote with below link.\r\n</p><p>\r\nView Invoice\r\n</p><p>{URL}\r\n</p><p>\r\nWe look forward\n            to conducting future business with you.</p><p>\r\n\r\nKind Regards,</p><p>\r\n\r\nTeam</p><p>\n            \r\n\r\n{CompanyDetails}</p>', NULL),
(12, 'Purchase Order Request', '{Company} Purchase Order #{BillNumber} Requested', NULL, NULL, NULL, '<p>Dear\n            Client,\r\n</p><p>We are contacting you in regard to a new purchase # {BillNumber} that has been requested\n            on your account. You may find the order with below link. </p><p>\r\n\r\nView Invoice\r\n</p><p>{URL}</p><p>\n            \r\n\r\nWe look forward to conducting future business with you.</p><p>\r\n\r\nKind Regards,\r\n</p><p>\n            \r\nTeam</p><p>\r\n\r\n{CompanyDetails}</p>', NULL),
(13, 'Stock Return Mail', '{Company} New purchase return # {BillNumber}', NULL, NULL, NULL, 'Dear Client,\r\n\r\nWe are contacting you in regard to a new purchase return # {BillNumber} that has been requested on your account. You may find the order with below link.\r\n\r\nView Invoice\r\n\r\n{URL}\r\n\r\nWe look forward to conducting future business with you.\r\n\r\nKind Regards,\r\n\r\nTeam\r\n\r\n{CompanyDetails}', NULL),
(14, 'Customer Registration', '{Company}  Customer Registration - {NAME}', NULL, NULL, NULL, 'Dear Customer,\r\nThank You for registration, please confirm the registration by the following URL {REG_URL}\r\nRegards', NULL),
(15, 'Customer Password Reset', '{Company} Customer Password Reset- {NAME}', NULL, NULL, NULL, 'Dear Customer,\r\nPlease reset the password by the following URL {RESET_URL}\r\nRegards', NULL),
(16, 'Customer Registration by Employee', '{Company} Customer Registration - {NAME}', '0', '0', '0', 'Dear Customer,\r\nThank You for registration.\r\nLogin URL: {URL}\r\nLogin Email: {EMAIL}\r\nPassword: {PASSWORD}\r\n\r\nRegards\r\n{CompanyDetails}', 0),
(30, 'New Invoice Notification', NULL, NULL, NULL, NULL, 'Dear Customer, new invoice  # {BillNumber} generated. {URL} Regards', NULL),
(31, 'Invoice Payment Reminder', NULL, NULL, NULL, NULL, 'Dear Customer, Please make payment of invoice  # {BillNumber}. {URL} Regards', NULL),
(32, 'Invoice Refund Proceeded', NULL, NULL, NULL, NULL, 'Dear Customer, Refund generated of invoice # {BillNumber}. {URL} Regards', NULL),
(33, 'Invoice payment Received', NULL, NULL, NULL, NULL, 'Dear Customer, Payment received of invoice # {BillNumber}. {URL} Regards', NULL),
(34, 'Invoice Overdue Notice', NULL, NULL, NULL, NULL, 'Dear Customer, Dear Customer,Payment is overdue of invoice # {BillNumber}. {URL} Regards', NULL),
(35, 'Quote Proposal', NULL, NULL, NULL, NULL, 'Dear Customer, Dear Customer, a quote created for you # {BillNumber}. {URL} Regards', NULL),
(36, 'Purchase Order Request', NULL, NULL, NULL, NULL, 'Dear Customer, Dear, a purchased order for you # {BillNumber}. {URL} Regards', NULL),
(51, 'QT#', 'PO#', 'SUB#', 'SR#', 'TRN#', 'SRN#', 1),
(52, 'ThermalPrint', '0', NULL, NULL, NULL, 'POS#', 0),
(53, 'ConfPort', 'Public Key', '0', 'Private Key', NULL, NULL, 1),
(54, 'online_payment', '1', 'USD', '1', '1', NULL, 1),
(55, 'CronJob', '99293768', 'rec_email', 'email', 'rec_due', 'recemail', NULL),
(56, 'Auto Email SMS', 'email', 'sms', NULL, NULL, NULL, NULL),
(60, 'Warehouse', '1', NULL, NULL, NULL, NULL, NULL),
(61, 'Discount & Shipping', '%', '10.00', 'incl', NULL, '% Discount After TAX', NULL),
(62, 'AutoAttendance', '1', '0', '0', '0', '0', NULL),
(63, 'Zero Stock Billing', '1', '0', '0', '0', '0', 0),
(64, 'FrontEndSection', '0', '0', '0', '0', NULL, 0),
(65, 'Dual Entry', '0', '1', '0', '0', '0', 0),
(66, 'Email Alert', '0', '0', 'sample@email.com', '0', '0', 0),
(67, 'billing_settings', '0', '0', NULL, NULL, NULL, NULL),
(69, 'pos_settings', '1', '0', '0', '0', '0', 0),
(70, 'DB-B-150', '4a99003dd3aa27b87fabfa153f1ab06a2ff08c3d', NULL, NULL, NULL, NULL, NULL),
(71, 'credit_settings', '1', NULL, NULL, NULL, NULL, NULL);

-- --------------------------------------------------------

--
-- Table structure for table `users`
--

CREATE TABLE `users` (
  `users_id` int(11) NOT NULL,
  `user_id` varchar(255) DEFAULT NULL,
  `var_key` varchar(255) DEFAULT NULL,
  `status` varchar(255) DEFAULT NULL,
  `is_deleted` varchar(255) DEFAULT NULL,
  `name` varchar(255) DEFAULT NULL,
  `password` varchar(255) DEFAULT NULL,
  `email` varchar(255) DEFAULT NULL,
  `profile_pic` varchar(255) DEFAULT NULL,
  `user_type` varchar(255) DEFAULT NULL,
  `cid` int(11) DEFAULT NULL,
  `lang` varchar(25) NOT NULL DEFAULT 'english',
  `code` varchar(255) DEFAULT NULL
) ENGINE=InnoDB DEFAULT CHARSET=utf8 COLLATE=utf8_general_ci;

--
-- Dumping data for table `users`
--

INSERT INTO `users` (`users_id`, `user_id`, `var_key`, `status`, `is_deleted`, `name`, `password`, `email`, `profile_pic`, `user_type`, `cid`, `lang`, `code`) VALUES
(1, '1', NULL, 'active', '0', 'Walk-in Client', '$2y$10$TKfTVltchv/jxZIouy8i8O7rSzVvtdx4Y5wNRodK5RNyTBJkEoIAW', 'example@example.com', NULL, 'Member', 1, 'english', NULL);

--
-- Indexes for dumped tables
--

--
-- Indexes for table `ci_sessions`
--
ALTER TABLE `ci_sessions`
  ADD PRIMARY KEY (`id`),
  ADD KEY `ci_sessions_timestamp` (`timestamp`);

--
-- Indexes for table `geopos_accounts`
--
ALTER TABLE `geopos_accounts`
  ADD PRIMARY KEY (`id`),
  ADD UNIQUE KEY `acn` (`acn`),
  ADD KEY `id` (`id`);

--
-- Indexes for table `geopos_attendance`
--
ALTER TABLE `geopos_attendance`
  ADD PRIMARY KEY (`id`),
  ADD KEY `emp` (`emp`);

--
-- Indexes for table `geopos_bank_ac`
--
ALTER TABLE `geopos_bank_ac`
  ADD PRIMARY KEY (`id`);

--
-- Indexes for table `geopos_config`
--
ALTER TABLE `geopos_config`
  ADD PRIMARY KEY (`id`),
  ADD KEY `type` (`type`);

--
-- Indexes for table `geopos_currencies`
--
ALTER TABLE `geopos_currencies`
  ADD PRIMARY KEY (`id`);

--
-- Indexes for table `geopos_customers`
--
ALTER TABLE `geopos_customers`
  ADD PRIMARY KEY (`id`),
  ADD KEY `gid` (`gid`);

--
-- Indexes for table `geopos_custom_data`
--
ALTER TABLE `geopos_custom_data`
  ADD PRIMARY KEY (`id`),
  ADD KEY `fid` (`field_id`,`rid`);

--
-- Indexes for table `geopos_custom_fields`
--
ALTER TABLE `geopos_custom_fields`
  ADD PRIMARY KEY (`id`),
  ADD KEY `f_module` (`f_module`);

--
-- Indexes for table `geopos_cust_group`
--
ALTER TABLE `geopos_cust_group`
  ADD PRIMARY KEY (`id`);

--
-- Indexes for table `geopos_documents`
--
ALTER TABLE `geopos_documents`
  ADD PRIMARY KEY (`id`);

--
-- Indexes for table `geopos_draft`
--
ALTER TABLE `geopos_draft`
  ADD PRIMARY KEY (`id`),
  ADD KEY `eid` (`eid`),
  ADD KEY `csd` (`csd`),
  ADD KEY `invoice` (`tid`) USING BTREE,
  ADD KEY `i_class` (`i_class`),
  ADD KEY `loc` (`loc`);

--
-- Indexes for table `geopos_draft_items`
--
ALTER TABLE `geopos_draft_items`
  ADD PRIMARY KEY (`id`),
  ADD KEY `invoice` (`tid`),
  ADD KEY `i_class` (`i_class`);

--
-- Indexes for table `geopos_employees`
--
ALTER TABLE `geopos_employees`
  ADD PRIMARY KEY (`id`);

--
-- Indexes for table `geopos_employees_month_target`
--
ALTER TABLE `geopos_employees_month_target`
  ADD PRIMARY KEY (`id`);

--
-- Indexes for table `geopos_events`
--
ALTER TABLE `geopos_events`
  ADD PRIMARY KEY (`id`),
  ADD KEY `rel` (`rel`),
  ADD KEY `rid` (`rid`);

--
-- Indexes for table `geopos_gateways`
--
ALTER TABLE `geopos_gateways`
  ADD PRIMARY KEY (`id`);

--
-- Indexes for table `geopos_hrm`
--
ALTER TABLE `geopos_hrm`
  ADD PRIMARY KEY (`id`);

--
-- Indexes for table `geopos_invoices`
--
ALTER TABLE `geopos_invoices`
  ADD PRIMARY KEY (`id`),
  ADD KEY `eid` (`eid`),
  ADD KEY `csd` (`csd`),
  ADD KEY `invoice` (`tid`) USING BTREE,
  ADD KEY `i_class` (`i_class`),
  ADD KEY `loc` (`loc`);

--
-- Indexes for table `geopos_invoice_items`
--
ALTER TABLE `geopos_invoice_items`
  ADD PRIMARY KEY (`id`),
  ADD KEY `invoice` (`tid`),
  ADD KEY `i_class` (`i_class`);

--
-- Indexes for table `geopos_locations`
--
ALTER TABLE `geopos_locations`
  ADD PRIMARY KEY (`id`);

--
-- Indexes for table `geopos_log`
--
ALTER TABLE `geopos_log`
  ADD PRIMARY KEY (`id`);

--
-- Indexes for table `geopos_login_attempts`
--
ALTER TABLE `geopos_login_attempts`
  ADD PRIMARY KEY (`id`);

--
-- Indexes for table `geopos_metadata`
--
ALTER TABLE `geopos_metadata`
  ADD PRIMARY KEY (`id`),
  ADD KEY `type` (`type`),
  ADD KEY `rid` (`rid`);

--
-- Indexes for table `geopos_milestones`
--
ALTER TABLE `geopos_milestones`
  ADD PRIMARY KEY (`id`);

--
-- Indexes for table `geopos_movers`
--
ALTER TABLE `geopos_movers`
  ADD PRIMARY KEY (`id`),
  ADD KEY `d_type` (`d_type`,`rid1`,`rid2`,`rid3`);

--
-- Indexes for table `geopos_notes`
--
ALTER TABLE `geopos_notes`
  ADD PRIMARY KEY (`id`);

--
-- Indexes for table `geopos_pms`
--
ALTER TABLE `geopos_pms`
  ADD PRIMARY KEY (`id`),
  ADD KEY `full_index` (`id`,`sender_id`,`receiver_id`,`date_read`);

--
-- Indexes for table `geopos_premissions`
--
ALTER TABLE `geopos_premissions`
  ADD PRIMARY KEY (`id`);

--
-- Indexes for table `geopos_products`
--
ALTER TABLE `geopos_products`
  ADD PRIMARY KEY (`pid`),
  ADD KEY `pcat` (`pcat`),
  ADD KEY `warehouse` (`warehouse`);

--
-- Indexes for table `geopos_product_cat`
--
ALTER TABLE `geopos_product_cat`
  ADD PRIMARY KEY (`id`);

--
-- Indexes for table `geopos_product_serials`
--
ALTER TABLE `geopos_product_serials`
  ADD PRIMARY KEY (`id`);

--
-- Indexes for table `geopos_projects`
--
ALTER TABLE `geopos_projects`
  ADD PRIMARY KEY (`id`),
  ADD KEY `p_id` (`p_id`);

--
-- Indexes for table `geopos_project_meta`
--
ALTER TABLE `geopos_project_meta`
  ADD PRIMARY KEY (`id`),
  ADD KEY `pid` (`pid`),
  ADD KEY `meta_key` (`meta_key`),
  ADD KEY `key3` (`key3`);

--
-- Indexes for table `geopos_promo`
--
ALTER TABLE `geopos_promo`
  ADD PRIMARY KEY (`id`),
  ADD UNIQUE KEY `code_2` (`code`),
  ADD KEY `code` (`code`);

--
-- Indexes for table `geopos_purchase`
--
ALTER TABLE `geopos_purchase`
  ADD PRIMARY KEY (`id`),
  ADD UNIQUE KEY `invoice` (`tid`),
  ADD KEY `eid` (`eid`),
  ADD KEY `csd` (`csd`);

--
-- Indexes for table `geopos_purchase_items`
--
ALTER TABLE `geopos_purchase_items`
  ADD PRIMARY KEY (`id`),
  ADD KEY `invoice` (`tid`);

--
-- Indexes for table `geopos_quotes`
--
ALTER TABLE `geopos_quotes`
  ADD PRIMARY KEY (`id`),
  ADD UNIQUE KEY `invoice` (`tid`),
  ADD KEY `eid` (`eid`),
  ADD KEY `csd` (`csd`);

--
-- Indexes for table `geopos_quotes_items`
--
ALTER TABLE `geopos_quotes_items`
  ADD PRIMARY KEY (`id`),
  ADD KEY `invoice` (`tid`);

--
-- Indexes for table `geopos_register`
--
ALTER TABLE `geopos_register`
  ADD PRIMARY KEY (`id`),
  ADD KEY `uid` (`uid`),
  ADD KEY `active` (`active`);

--
-- Indexes for table `geopos_reports`
--
ALTER TABLE `geopos_reports`
  ADD PRIMARY KEY (`id`);

--
-- Indexes for table `geopos_restkeys`
--
ALTER TABLE `geopos_restkeys`
  ADD PRIMARY KEY (`id`);

--
-- Indexes for table `geopos_smtp`
--
ALTER TABLE `geopos_smtp`
  ADD PRIMARY KEY (`id`);

--
-- Indexes for table `geopos_stock_r`
--
ALTER TABLE `geopos_stock_r`
  ADD PRIMARY KEY (`id`),
  ADD UNIQUE KEY `invoice` (`tid`),
  ADD KEY `eid` (`eid`),
  ADD KEY `csd` (`csd`);

--
-- Indexes for table `geopos_stock_r_items`
--
ALTER TABLE `geopos_stock_r_items`
  ADD PRIMARY KEY (`id`),
  ADD KEY `invoice` (`tid`) KEY_BLOCK_SIZE=1024 USING BTREE;

--
-- Indexes for table `geopos_supplier`
--
ALTER TABLE `geopos_supplier`
  ADD PRIMARY KEY (`id`),
  ADD KEY `gid` (`gid`);

--
-- Indexes for table `geopos_system`
--
ALTER TABLE `geopos_system`
  ADD PRIMARY KEY (`id`);

--
-- Indexes for table `geopos_terms`
--
ALTER TABLE `geopos_terms`
  ADD PRIMARY KEY (`id`);

--
-- Indexes for table `geopos_tickets`
--
ALTER TABLE `geopos_tickets`
  ADD PRIMARY KEY (`id`);

--
-- Indexes for table `geopos_tickets_th`
--
ALTER TABLE `geopos_tickets_th`
  ADD PRIMARY KEY (`id`),
  ADD KEY `tid` (`tid`),
  ADD KEY `cid` (`cid`),
  ADD KEY `eid` (`eid`);

--
-- Indexes for table `geopos_todolist`
--
ALTER TABLE `geopos_todolist`
  ADD PRIMARY KEY (`id`);

--
-- Indexes for table `geopos_transactions`
--
ALTER TABLE `geopos_transactions`
  ADD PRIMARY KEY (`id`),
  ADD KEY `loc` (`loc`),
  ADD KEY `acid` (`acid`),
  ADD KEY `eid` (`eid`),
  ADD KEY `tid` (`tid`);

--
-- Indexes for table `geopos_trans_cat`
--
ALTER TABLE `geopos_trans_cat`
  ADD PRIMARY KEY (`id`);

--
-- Indexes for table `geopos_units`
--
ALTER TABLE `geopos_units`
  ADD PRIMARY KEY (`id`);

--
-- Indexes for table `geopos_users`
--
ALTER TABLE `geopos_users`
  ADD PRIMARY KEY (`id`),
  ADD KEY `email` (`email`),
  ADD KEY `username` (`username`);

--
-- Indexes for table `geopos_warehouse`
--
ALTER TABLE `geopos_warehouse`
  ADD PRIMARY KEY (`id`);

--
-- Indexes for table `univarsal_api`
--
ALTER TABLE `univarsal_api`
  ADD PRIMARY KEY (`id`);

--
-- Indexes for table `users`
--
ALTER TABLE `users`
  ADD PRIMARY KEY (`users_id`),
  ADD KEY `code` (`code`);

--
-- AUTO_INCREMENT for dumped tables
--

--
-- AUTO_INCREMENT for table `geopos_accounts`
--
ALTER TABLE `geopos_accounts`
  MODIFY `id` int(5) NOT NULL AUTO_INCREMENT, AUTO_INCREMENT=2;

--
-- AUTO_INCREMENT for table `geopos_attendance`
--
ALTER TABLE `geopos_attendance`
  MODIFY `id` int(11) NOT NULL AUTO_INCREMENT;

--
-- AUTO_INCREMENT for table `geopos_bank_ac`
--
ALTER TABLE `geopos_bank_ac`
  MODIFY `id` int(11) NOT NULL AUTO_INCREMENT;

--
-- AUTO_INCREMENT for table `geopos_config`
--
ALTER TABLE `geopos_config`
  MODIFY `id` int(11) NOT NULL AUTO_INCREMENT;

--
-- AUTO_INCREMENT for table `geopos_currencies`
--
ALTER TABLE `geopos_currencies`
  MODIFY `id` int(4) NOT NULL AUTO_INCREMENT;

--
-- AUTO_INCREMENT for table `geopos_customers`
--
ALTER TABLE `geopos_customers`
  MODIFY `id` int(11) UNSIGNED NOT NULL AUTO_INCREMENT, AUTO_INCREMENT=2;

--
-- AUTO_INCREMENT for table `geopos_custom_data`
--
ALTER TABLE `geopos_custom_data`
  MODIFY `id` int(11) NOT NULL AUTO_INCREMENT;

--
-- AUTO_INCREMENT for table `geopos_custom_fields`
--
ALTER TABLE `geopos_custom_fields`
  MODIFY `id` int(11) NOT NULL AUTO_INCREMENT;

--
-- AUTO_INCREMENT for table `geopos_cust_group`
--
ALTER TABLE `geopos_cust_group`
  MODIFY `id` int(10) NOT NULL AUTO_INCREMENT, AUTO_INCREMENT=2;

--
-- AUTO_INCREMENT for table `geopos_documents`
--
ALTER TABLE `geopos_documents`
  MODIFY `id` int(11) NOT NULL AUTO_INCREMENT;

--
-- AUTO_INCREMENT for table `geopos_draft`
--
ALTER TABLE `geopos_draft`
  MODIFY `id` int(11) NOT NULL AUTO_INCREMENT, AUTO_INCREMENT=4;

--
-- AUTO_INCREMENT for table `geopos_draft_items`
--
ALTER TABLE `geopos_draft_items`
  MODIFY `id` int(11) NOT NULL AUTO_INCREMENT, AUTO_INCREMENT=9;

--
-- AUTO_INCREMENT for table `geopos_employees`
--
ALTER TABLE `geopos_employees`
  MODIFY `id` int(11) NOT NULL AUTO_INCREMENT, AUTO_INCREMENT=20;

--
-- AUTO_INCREMENT for table `geopos_employees_month_target`
--
ALTER TABLE `geopos_employees_month_target`
  MODIFY `id` int(11) NOT NULL AUTO_INCREMENT, AUTO_INCREMENT=7;

--
-- AUTO_INCREMENT for table `geopos_events`
--
ALTER TABLE `geopos_events`
  MODIFY `id` int(11) NOT NULL AUTO_INCREMENT;

--
-- AUTO_INCREMENT for table `geopos_gateways`
--
ALTER TABLE `geopos_gateways`
  MODIFY `id` int(5) NOT NULL AUTO_INCREMENT, AUTO_INCREMENT=9;

--
-- AUTO_INCREMENT for table `geopos_hrm`
--
ALTER TABLE `geopos_hrm`
  MODIFY `id` int(11) NOT NULL AUTO_INCREMENT;

--
-- AUTO_INCREMENT for table `geopos_invoices`
--
ALTER TABLE `geopos_invoices`
  MODIFY `id` int(11) NOT NULL AUTO_INCREMENT, AUTO_INCREMENT=60;

--
-- AUTO_INCREMENT for table `geopos_invoice_items`
--
ALTER TABLE `geopos_invoice_items`
  MODIFY `id` int(11) NOT NULL AUTO_INCREMENT, AUTO_INCREMENT=89;

--
-- AUTO_INCREMENT for table `geopos_locations`
--
ALTER TABLE `geopos_locations`
  MODIFY `id` int(3) NOT NULL AUTO_INCREMENT, AUTO_INCREMENT=2;

--
-- AUTO_INCREMENT for table `geopos_log`
--
ALTER TABLE `geopos_log`
  MODIFY `id` int(11) NOT NULL AUTO_INCREMENT, AUTO_INCREMENT=124;

--
-- AUTO_INCREMENT for table `geopos_login_attempts`
--
ALTER TABLE `geopos_login_attempts`
  MODIFY `id` int(11) NOT NULL AUTO_INCREMENT, AUTO_INCREMENT=22;

--
-- AUTO_INCREMENT for table `geopos_metadata`
--
ALTER TABLE `geopos_metadata`
  MODIFY `id` int(11) NOT NULL AUTO_INCREMENT, AUTO_INCREMENT=62;

--
-- AUTO_INCREMENT for table `geopos_milestones`
--
ALTER TABLE `geopos_milestones`
  MODIFY `id` int(11) NOT NULL AUTO_INCREMENT;

--
-- AUTO_INCREMENT for table `geopos_movers`
--
ALTER TABLE `geopos_movers`
  MODIFY `id` int(11) NOT NULL AUTO_INCREMENT, AUTO_INCREMENT=25;

--
-- AUTO_INCREMENT for table `geopos_notes`
--
ALTER TABLE `geopos_notes`
  MODIFY `id` int(11) NOT NULL AUTO_INCREMENT;

--
-- AUTO_INCREMENT for table `geopos_pms`
--
ALTER TABLE `geopos_pms`
  MODIFY `id` int(11) UNSIGNED NOT NULL AUTO_INCREMENT;

--
-- AUTO_INCREMENT for table `geopos_premissions`
--
ALTER TABLE `geopos_premissions`
  MODIFY `id` int(11) NOT NULL AUTO_INCREMENT, AUTO_INCREMENT=15;

--
-- AUTO_INCREMENT for table `geopos_products`
--
ALTER TABLE `geopos_products`
  MODIFY `pid` int(11) NOT NULL AUTO_INCREMENT, AUTO_INCREMENT=25;

--
-- AUTO_INCREMENT for table `geopos_product_cat`
--
ALTER TABLE `geopos_product_cat`
  MODIFY `id` int(3) NOT NULL AUTO_INCREMENT, AUTO_INCREMENT=3;

--
-- AUTO_INCREMENT for table `geopos_product_serials`
--
ALTER TABLE `geopos_product_serials`
  MODIFY `id` int(11) NOT NULL AUTO_INCREMENT;

--
-- AUTO_INCREMENT for table `geopos_projects`
--
ALTER TABLE `geopos_projects`
  MODIFY `id` int(11) NOT NULL AUTO_INCREMENT;

--
-- AUTO_INCREMENT for table `geopos_project_meta`
--
ALTER TABLE `geopos_project_meta`
  MODIFY `id` int(11) NOT NULL AUTO_INCREMENT;

--
-- AUTO_INCREMENT for table `geopos_promo`
--
ALTER TABLE `geopos_promo`
  MODIFY `id` int(11) NOT NULL AUTO_INCREMENT;

--
-- AUTO_INCREMENT for table `geopos_purchase`
--
ALTER TABLE `geopos_purchase`
  MODIFY `id` int(11) NOT NULL AUTO_INCREMENT, AUTO_INCREMENT=7;

--
-- AUTO_INCREMENT for table `geopos_purchase_items`
--
ALTER TABLE `geopos_purchase_items`
  MODIFY `id` int(11) NOT NULL AUTO_INCREMENT, AUTO_INCREMENT=7;

--
-- AUTO_INCREMENT for table `geopos_quotes`
--
ALTER TABLE `geopos_quotes`
  MODIFY `id` int(11) NOT NULL AUTO_INCREMENT;

--
-- AUTO_INCREMENT for table `geopos_quotes_items`
--
ALTER TABLE `geopos_quotes_items`
  MODIFY `id` int(11) NOT NULL AUTO_INCREMENT;

--
-- AUTO_INCREMENT for table `geopos_register`
--
ALTER TABLE `geopos_register`
  MODIFY `id` int(11) NOT NULL AUTO_INCREMENT, AUTO_INCREMENT=3;

--
-- AUTO_INCREMENT for table `geopos_reports`
--
ALTER TABLE `geopos_reports`
  MODIFY `id` int(11) NOT NULL AUTO_INCREMENT;

--
-- AUTO_INCREMENT for table `geopos_restkeys`
--
ALTER TABLE `geopos_restkeys`
  MODIFY `id` int(11) NOT NULL AUTO_INCREMENT;

--
-- AUTO_INCREMENT for table `geopos_stock_r`
--
ALTER TABLE `geopos_stock_r`
  MODIFY `id` int(11) NOT NULL AUTO_INCREMENT, AUTO_INCREMENT=2;

--
-- AUTO_INCREMENT for table `geopos_stock_r_items`
--
ALTER TABLE `geopos_stock_r_items`
  MODIFY `id` int(11) NOT NULL AUTO_INCREMENT, AUTO_INCREMENT=2;

--
-- AUTO_INCREMENT for table `geopos_supplier`
--
ALTER TABLE `geopos_supplier`
  MODIFY `id` int(10) UNSIGNED NOT NULL AUTO_INCREMENT, AUTO_INCREMENT=3;

--
-- AUTO_INCREMENT for table `geopos_terms`
--
ALTER TABLE `geopos_terms`
  MODIFY `id` int(4) NOT NULL AUTO_INCREMENT, AUTO_INCREMENT=2;

--
-- AUTO_INCREMENT for table `geopos_tickets`
--
ALTER TABLE `geopos_tickets`
  MODIFY `id` int(11) NOT NULL AUTO_INCREMENT;

--
-- AUTO_INCREMENT for table `geopos_tickets_th`
--
ALTER TABLE `geopos_tickets_th`
  MODIFY `id` int(11) NOT NULL AUTO_INCREMENT;

--
-- AUTO_INCREMENT for table `geopos_todolist`
--
ALTER TABLE `geopos_todolist`
  MODIFY `id` int(11) NOT NULL AUTO_INCREMENT;

--
-- AUTO_INCREMENT for table `geopos_transactions`
--
ALTER TABLE `geopos_transactions`
  MODIFY `id` int(11) NOT NULL AUTO_INCREMENT, AUTO_INCREMENT=75;

--
-- AUTO_INCREMENT for table `geopos_trans_cat`
--
ALTER TABLE `geopos_trans_cat`
  MODIFY `id` int(11) NOT NULL AUTO_INCREMENT, AUTO_INCREMENT=4;

--
-- AUTO_INCREMENT for table `geopos_units`
--
ALTER TABLE `geopos_units`
  MODIFY `id` int(11) NOT NULL AUTO_INCREMENT, AUTO_INCREMENT=2;

--
-- AUTO_INCREMENT for table `geopos_users`
--
ALTER TABLE `geopos_users`
  MODIFY `id` int(11) UNSIGNED NOT NULL AUTO_INCREMENT, AUTO_INCREMENT=20;

--
-- AUTO_INCREMENT for table `geopos_warehouse`
--
ALTER TABLE `geopos_warehouse`
  MODIFY `id` int(3) NOT NULL AUTO_INCREMENT, AUTO_INCREMENT=3;

--
-- AUTO_INCREMENT for table `univarsal_api`
--
ALTER TABLE `univarsal_api`
  MODIFY `id` int(11) NOT NULL AUTO_INCREMENT, AUTO_INCREMENT=72;

--
-- AUTO_INCREMENT for table `users`
--
ALTER TABLE `users`
  MODIFY `users_id` int(11) NOT NULL AUTO_INCREMENT, AUTO_INCREMENT=2;
COMMIT;

/*!40101 SET CHARACTER_SET_CLIENT=@OLD_CHARACTER_SET_CLIENT */;
/*!40101 SET CHARACTER_SET_RESULTS=@OLD_CHARACTER_SET_RESULTS */;
/*!40101 SET COLLATION_CONNECTION=@OLD_COLLATION_CONNECTION */;
